iter	Accuracy	MultiClass
0	0.5770588235	1.082571772
1	0.5800980392	1.068128678
2	0.58	1.055071847
3	0.5801960784	1.043662543
4	0.5791176471	1.033061314
5	0.5793137255	1.023796813
6	0.5797058824	1.014890647
7	0.5799019608	1.007052849
8	0.5797058824	1.000117038
9	0.5795098039	0.9938031716
10	0.5796078431	0.9875664102
11	0.5798039216	0.9823272773
12	0.5796078431	0.9774847022
13	0.5804901961	0.9731678228
14	0.5801960784	0.9690875139
15	0.5802941176	0.9653061388
16	0.5806862745	0.9616851377
17	0.5802941176	0.958592891
18	0.5805882353	0.9555723448
19	0.5802941176	0.9526853289
20	0.5803921569	0.9500390079
21	0.5803921569	0.9476925321
22	0.5804901961	0.9455435032
23	0.5806862745	0.9434708834
24	0.5808823529	0.9416933539
25	0.5807843137	0.9398999146
26	0.5809803922	0.9382800788
27	0.5810784314	0.9367014061
28	0.5809803922	0.9356140194
29	0.5810784314	0.9343818858
30	0.581372549	0.9332440253
31	0.5812745098	0.9321838145
32	0.5809803922	0.931082552
33	0.5807843137	0.9300367974
34	0.5804901961	0.9289198244
35	0.5812745098	0.9281710168
36	0.5807843137	0.9271898487
37	0.5810784314	0.9264615016
38	0.5811764706	0.925725397
39	0.5808823529	0.9249939557
40	0.581372549	0.9242179573
41	0.5812745098	0.9233316202
42	0.5809803922	0.9228047348
43	0.5812745098	0.9221916471
44	0.5808823529	0.9216250992
45	0.5809803922	0.9210478146
46	0.5812745098	0.9204243582
47	0.5816666667	0.9200495562
48	0.5814705882	0.9196472064
49	0.5810784314	0.9192058636
50	0.5812745098	0.9188392709
51	0.5816666667	0.9184430948
52	0.5815686275	0.9180066815
53	0.5817647059	0.9176437581
54	0.5821568627	0.9171921155
55	0.5821568627	0.9167137611
56	0.582745098	0.9163867168
57	0.5828431373	0.9160139406
58	0.5828431373	0.9157231805
59	0.582745098	0.9154549814
60	0.5828431373	0.9150919261
61	0.582745098	0.9147436486
62	0.582745098	0.9145533768
63	0.5826470588	0.9144079429
64	0.5828431373	0.9141269401
65	0.582745098	0.9137706185
66	0.5830392157	0.9135142533
67	0.5834313725	0.9131307296
68	0.5835294118	0.9127441286
69	0.583627451	0.9124011913
70	0.5839215686	0.9121631667
71	0.5839215686	0.9119146194
72	0.5841176471	0.9115508271
73	0.5841176471	0.9114186281
74	0.5841176471	0.9110883203
75	0.5846078431	0.9108129933
76	0.5846078431	0.9105924334
77	0.5842156863	0.9104046457
78	0.5847058824	0.9100999129
79	0.5847058824	0.9098551914
80	0.5851960784	0.9095504359
81	0.5858823529	0.9091698459
82	0.5861764706	0.9089986307
83	0.5858823529	0.9089226986
84	0.5862745098	0.90861834
85	0.5862745098	0.9084390891
86	0.5866666667	0.9082020695
87	0.5865686275	0.9079965179
88	0.5865686275	0.9077936689
89	0.5862745098	0.9076348787
90	0.586372549	0.9073552187
91	0.5861764706	0.9071866139
92	0.5859803922	0.9070499858
93	0.586372549	0.9068028812
94	0.5868627451	0.9065360193
95	0.5867647059	0.9063856386
96	0.5868627451	0.9061215714
97	0.5869607843	0.9060200668
98	0.5869607843	0.9058794797
99	0.5869607843	0.9056238898
100	0.5871568627	0.9053937999
101	0.5870588235	0.905077417
102	0.587254902	0.9048478084
103	0.5869607843	0.9047327024
104	0.587254902	0.9044512127
105	0.5871568627	0.9043551973
106	0.5873529412	0.9042265876
107	0.587254902	0.9040087613
108	0.587254902	0.9037970281
109	0.587745098	0.9035962155
110	0.5878431373	0.9034314905
111	0.5875490196	0.9032228683
112	0.5879411765	0.9030668215
113	0.5880392157	0.9028655225
114	0.587745098	0.902628636
115	0.5876470588	0.9023987984
116	0.587745098	0.9022210838
117	0.5882352941	0.902047985
118	0.5887254902	0.9018722151
119	0.5891176471	0.901656785
120	0.5892156863	0.9014979573
121	0.5890196078	0.9012552894
122	0.5894117647	0.9011346582
123	0.5891176471	0.9009722313
124	0.5896078431	0.9008545015
125	0.5899019608	0.9007213751
126	0.5897058824	0.9004106842
127	0.5897058824	0.9001885423
128	0.5898039216	0.899965301
129	0.5896078431	0.8998476583
130	0.5902941176	0.8995980159
131	0.5904901961	0.899451079
132	0.5906862745	0.8993929832
133	0.5903921569	0.8992024676
134	0.5904901961	0.8990637685
135	0.5904901961	0.8988781058
136	0.5904901961	0.898749021
137	0.5904901961	0.8985977802
138	0.5903921569	0.8983775663
139	0.5904901961	0.8982684904
140	0.5904901961	0.8980815487
141	0.5905882353	0.8978816166
142	0.5906862745	0.8977064837
143	0.5905882353	0.8975423996
144	0.5908823529	0.8974143193
145	0.5912745098	0.897189378
146	0.5910784314	0.8969639671
147	0.5906862745	0.8967542981
148	0.5904901961	0.8966202989
149	0.5907843137	0.8965358503
150	0.5909803922	0.8963141501
151	0.5912745098	0.8960334195
152	0.5911764706	0.8957940846
153	0.5911764706	0.8954901721
154	0.5915686275	0.895312278
155	0.5915686275	0.895151064
156	0.5914705882	0.8949708861
157	0.5917647059	0.8947667249
158	0.5917647059	0.8946765065
159	0.5919607843	0.8945556225
160	0.5921568627	0.8943386287
161	0.5925490196	0.8941351846
162	0.5925490196	0.8939496243
163	0.5928431373	0.8937179389
164	0.5923529412	0.893485596
165	0.592745098	0.8932838771
166	0.5929411765	0.8931282273
167	0.5925490196	0.892956045
168	0.5929411765	0.8927130334
169	0.5931372549	0.8925989897
170	0.5931372549	0.8924345828
171	0.5933333333	0.8922903913
172	0.5932352941	0.8921100097
173	0.5933333333	0.8919033687
174	0.5938235294	0.8917348416
175	0.5934313725	0.8916261676
176	0.5933333333	0.8913741755
177	0.5934313725	0.891129589
178	0.5934313725	0.8908473282
179	0.5938235294	0.8906422806
180	0.5939215686	0.8905546346
181	0.5939215686	0.8904358892
182	0.5940196078	0.8902772603
183	0.5939215686	0.8901328663
184	0.5939215686	0.8899813581
185	0.5937254902	0.8898143479
186	0.5939215686	0.8896953174
187	0.5944117647	0.889519092
188	0.5942156863	0.889388315
189	0.5943137255	0.8891784347
190	0.5939215686	0.8890917847
191	0.5942156863	0.8889795345
192	0.5946078431	0.8888426473
193	0.5946078431	0.8888077122
194	0.5946078431	0.8885644854
195	0.5947058824	0.8884155923
196	0.5947058824	0.8883002101
197	0.5950980392	0.8882188907
198	0.5951960784	0.8879868967
199	0.5949019608	0.8877661111
200	0.5948039216	0.8874973507
201	0.5948039216	0.8873336995
202	0.5949019608	0.8871078184
203	0.5950980392	0.8868578188
204	0.5949019608	0.88664564
205	0.5948039216	0.8864569519
206	0.595	0.8862253228
207	0.5949019608	0.886085878
208	0.5954901961	0.8858588775
209	0.5953921569	0.8856554222
210	0.5953921569	0.88543173
211	0.5957843137	0.8851860805
212	0.5956862745	0.8850164635
213	0.5961764706	0.8848137122
214	0.596372549	0.8845888997
215	0.5964705882	0.8843649648
216	0.5961764706	0.8842162388
217	0.5961764706	0.884089584
218	0.596372549	0.8839108264
219	0.5966666667	0.8837024993
220	0.597254902	0.8834799587
221	0.5973529412	0.8833526392
222	0.5973529412	0.8831784676
223	0.5974509804	0.8830525791
224	0.5976470588	0.8827923858
225	0.5975490196	0.8824875004
226	0.5976470588	0.8823349652
227	0.5975490196	0.8822137119
228	0.5974509804	0.8820687828
229	0.5973529412	0.8819019697
230	0.597254902	0.8816873875
231	0.5970588235	0.8814643455
232	0.5970588235	0.8812154097
233	0.5975490196	0.881070053
234	0.5974509804	0.8808845972
235	0.5974509804	0.8807284823
236	0.5978431373	0.8806822903
237	0.597745098	0.8804521428
238	0.5974509804	0.8802499846
239	0.5975490196	0.8801390702
240	0.597745098	0.8799078797
241	0.597745098	0.8796872076
242	0.5980392157	0.8794769366
243	0.597745098	0.8791945391
244	0.5978431373	0.8789526135
245	0.5976470588	0.8787273852
246	0.5981372549	0.8785709104
247	0.5985294118	0.8783991378
248	0.598627451	0.8781947567
249	0.5987254902	0.8778521865
250	0.5988235294	0.8776827997
251	0.5991176471	0.8775449883
252	0.5991176471	0.8771681161
253	0.5990196078	0.8769972782
254	0.5990196078	0.8767303274
255	0.5996078431	0.8764798088
256	0.5995098039	0.8762961128
257	0.6000980392	0.8759892681
258	0.6002941176	0.8757908399
259	0.6003921569	0.8756086212
260	0.6003921569	0.8754429891
261	0.6002941176	0.875249612
262	0.6002941176	0.8750548543
263	0.6004901961	0.8748239929
264	0.6005882353	0.8745131969
265	0.6008823529	0.8743036839
266	0.6002941176	0.8741218102
267	0.6003921569	0.8739271873
268	0.6006862745	0.8736949492
269	0.6006862745	0.8734956743
270	0.6012745098	0.8732836592
271	0.6014705882	0.8731144156
272	0.6016666667	0.8728101584
273	0.6018627451	0.8725421508
274	0.6017647059	0.8723087242
275	0.6020588235	0.8721716907
276	0.6023529412	0.8719987053
277	0.6021568627	0.8716813254
278	0.6025490196	0.8714991609
279	0.6023529412	0.8712342803
280	0.602745098	0.8709395671
281	0.6025490196	0.8707709504
282	0.6026470588	0.8706584567
283	0.6029411765	0.8704587664
284	0.6028431373	0.8703079581
285	0.6026470588	0.8702578093
286	0.6032352941	0.8700375178
287	0.6034313725	0.8698888823
288	0.6034313725	0.8697086086
289	0.6037254902	0.8694816054
290	0.603627451	0.8692455324
291	0.6033333333	0.8690879038
292	0.603627451	0.8688714659
293	0.6035294118	0.8686541938
294	0.6038235294	0.8683760051
295	0.6044117647	0.8681697932
296	0.6044117647	0.8679592419
297	0.6044117647	0.8678219125
298	0.6041176471	0.8675886831
299	0.6045098039	0.8673820852
300	0.6049019608	0.8672819639
301	0.6053921569	0.8670557429
302	0.6051960784	0.8668326248
303	0.605	0.8665808278
304	0.6050980392	0.8664394375
305	0.605	0.8662434387
306	0.6052941176	0.8660590502
307	0.6053921569	0.8658301076
308	0.6053921569	0.8656555716
309	0.6054901961	0.8654432579
310	0.6052941176	0.8652037342
311	0.6052941176	0.8650167472
312	0.605	0.8648264414
313	0.6051960784	0.8646595045
314	0.6054901961	0.8644474329
315	0.6052941176	0.8643275636
316	0.6052941176	0.8642119464
317	0.6052941176	0.8640168294
318	0.6054901961	0.8638766234
319	0.6051960784	0.863513678
320	0.6052941176	0.8633934687
321	0.6055882353	0.8632043871
322	0.6059803922	0.8629879558
323	0.6058823529	0.8628614102
324	0.6065686275	0.8626258787
325	0.606372549	0.8624470088
326	0.606372549	0.8623128947
327	0.6067647059	0.8621266207
328	0.6067647059	0.8619383217
329	0.6069607843	0.8617981212
330	0.6070588235	0.8615496643
331	0.6071568627	0.861406773
332	0.6071568627	0.8612981922
333	0.6078431373	0.8610636311
334	0.6078431373	0.860934201
335	0.6082352941	0.8606899998
336	0.6083333333	0.8605799361
337	0.6080392157	0.8604193221
338	0.608627451	0.8601303831
339	0.6088235294	0.8599207615
340	0.6085294118	0.8596613297
341	0.6089215686	0.8594562098
342	0.6089215686	0.859274822
343	0.6088235294	0.8591009427
344	0.608627451	0.8588316509
345	0.6084313725	0.8586399325
346	0.6089215686	0.8584641569
347	0.6093137255	0.8582395047
348	0.6095098039	0.8580668404
349	0.6097058824	0.8579270245
350	0.6097058824	0.8577994198
351	0.6097058824	0.8575608645
352	0.6095098039	0.8573808593
353	0.61	0.8572517392
354	0.6103921569	0.8570605997
355	0.6101960784	0.8569195272
356	0.6104901961	0.8567490827
357	0.6105882353	0.8566382655
358	0.6104901961	0.8564639617
359	0.6101960784	0.8563261118
360	0.6106862745	0.8562039784
361	0.6111764706	0.8559395413
362	0.611372549	0.8557762615
363	0.611372549	0.8555479781
364	0.6115686275	0.8554173211
365	0.6116666667	0.8552257571
366	0.6115686275	0.8551375741
367	0.6115686275	0.854880562
368	0.6114705882	0.8547968952
369	0.6115686275	0.8546704785
370	0.6117647059	0.8545622092
371	0.6118627451	0.8543177351
372	0.6121568627	0.8541039218
373	0.612254902	0.8539665463
374	0.6123529412	0.853718842
375	0.6121568627	0.8536455721
376	0.6121568627	0.8534782038
377	0.6119607843	0.8532171048
378	0.6119607843	0.8531154088
379	0.612254902	0.8529107159
380	0.612254902	0.8527269891
381	0.612254902	0.8524682489
382	0.6123529412	0.8521604075
383	0.6132352941	0.8518153616
384	0.6130392157	0.8516914612
385	0.6131372549	0.8514351718
386	0.6131372549	0.8513374173
387	0.6132352941	0.8511385955
388	0.6131372549	0.8509977164
389	0.6130392157	0.8507949403
390	0.6137254902	0.8505865443
391	0.6142156863	0.8504053691
392	0.6145098039	0.8502316762
393	0.6147058824	0.8500156526
394	0.6149019608	0.8497305697
395	0.6149019608	0.8496083132
396	0.6154901961	0.8494811852
397	0.6154901961	0.8493759304
398	0.6153921569	0.8491871711
399	0.6151960784	0.8488539068
400	0.6155882353	0.8485887537
401	0.6162745098	0.8483272635
402	0.6159803922	0.8481994021
403	0.6161764706	0.8481083528
404	0.6164705882	0.8478073829
405	0.6162745098	0.8475484608
406	0.6165686275	0.8473930115
407	0.6170588235	0.8471901781
408	0.6169607843	0.847074589
409	0.617254902	0.8469637501
410	0.6173529412	0.8468049558
411	0.6175490196	0.8467265029
412	0.6176470588	0.8466217115
413	0.6179411765	0.8463853172
414	0.6176470588	0.8462671225
415	0.617745098	0.8461550546
416	0.617745098	0.8460912533
417	0.617745098	0.8459882996
418	0.617745098	0.8457340326
419	0.617745098	0.8455709174
420	0.6176470588	0.8453448799
421	0.6174509804	0.8451922633
422	0.6178431373	0.8449364667
423	0.6176470588	0.8447616881
424	0.6180392157	0.8446127452
425	0.6184313725	0.8442823068
426	0.6183333333	0.8441526768
427	0.6183333333	0.8439699991
428	0.618627451	0.8438459515
429	0.6188235294	0.8436781495
430	0.6189215686	0.8435070701
431	0.6193137255	0.8433641197
432	0.6192156863	0.843157858
433	0.6196078431	0.8429642055
434	0.6191176471	0.8428154173
435	0.6192156863	0.8426548136
436	0.6196078431	0.8425534558
437	0.6196078431	0.8424749119
438	0.6195098039	0.8422652833
439	0.6191176471	0.8420852501
440	0.6195098039	0.8419586216
441	0.6194117647	0.8418199293
442	0.6198039216	0.8417025663
443	0.6198039216	0.8414721405
444	0.6197058824	0.8413043174
445	0.6192156863	0.8411084068
446	0.6193137255	0.8408794976
447	0.6191176471	0.8406456303
448	0.6192156863	0.8405309238
449	0.6196078431	0.8404139944
450	0.6197058824	0.8402961563
451	0.6197058824	0.8400263546
452	0.6198039216	0.8398758712
453	0.6198039216	0.8397838212
454	0.6202941176	0.8396237468
455	0.6203921569	0.8394383394
456	0.6203921569	0.8392472379
457	0.6202941176	0.8391001224
458	0.6204901961	0.8388841234
459	0.6204901961	0.8388015715
460	0.6206862745	0.8386376554
461	0.621372549	0.8384804078
462	0.6214705882	0.83829883
463	0.6214705882	0.8381754718
464	0.6211764706	0.8380507746
465	0.621372549	0.8377801508
466	0.6212745098	0.8376410912
467	0.6214705882	0.8375143292
468	0.621372549	0.8373226607
469	0.6211764706	0.8370620533
470	0.6214705882	0.836849825
471	0.6219607843	0.8366835514
472	0.6220588235	0.8365897195
473	0.6221568627	0.8364541147
474	0.622254902	0.8363329112
475	0.6220588235	0.8361266365
476	0.6221568627	0.8359333554
477	0.622254902	0.8358279823
478	0.6223529412	0.8355243395
479	0.6221568627	0.8354045074
480	0.622745098	0.8352078809
481	0.6224509804	0.8350582411
482	0.6223529412	0.8349012018
483	0.6233333333	0.8346958584
484	0.6231372549	0.8346127783
485	0.6226470588	0.8344021653
486	0.6228431373	0.8342183655
487	0.622745098	0.8341256352
488	0.6234313725	0.8338638863
489	0.6234313725	0.8337183173
490	0.6237254902	0.8334581558
491	0.623627451	0.8332401311
492	0.6238235294	0.833033771
493	0.6238235294	0.8329100825
494	0.6239215686	0.8327980587
495	0.623627451	0.8326433362
496	0.623627451	0.8324837948
497	0.6240196078	0.8322572099
498	0.6238235294	0.8321610755
499	0.6238235294	0.8319724964
