Date,HomeTeam,AwayTeam,FTHG,FTAG,B365H,B365D,B365A,PSH,PSD,PSA
2000-02-05 09:03:29.494519534,Costa Rica,Tunisia,2,0,4.92,4.08,2.02,4.82,3.98,2.01
2000-02-05 12:54:51.805658816,Senegal,Sweden,2,1,1.97,4.08,5.25,1.97,4.06,5.21
2000-02-06 16:35:39.268336810,Kenya,Honduras,1,0,2.02,4.08,4.94,1.97,3.97,5.02
2000-02-06 23:29:29.532644418,Senegal,South Africa,1,0,1.26,4.08,21.2,1.29,4.01,20.84
2000-02-07 10:28:24.072701909,Uruguay,Canada,2,0,1.26,4.08,21.2,1.27,4.04,21.02
2000-02-07 10:44:14.448459611,Kenya,Netherlands,0,2,18.75,4.08,1.55,18.38,4.12,1.6
2000-02-07 11:18:00.266535848,Honduras,Qatar,1,0,1.77,4.08,7.47,1.72,4.14,7.26
2000-02-08 00:20:12.240092861,Qatar,Saudi Arabia,0,0,5.76,4.08,1.91,5.78,3.99,1.94
2000-04-26 09:22:27.020089830,Japan,Croatia,0,1,3.23,4.08,2.58,3.31,4.11,2.64
2000-04-26 19:49:52.769122133,Iran,Ivory Coast,1,1,1.73,4.08,8.35,1.75,4.02,8.54
2000-04-27 03:27:40.401474567,South Africa,South Korea,1,1,4.44,4.08,2.12,4.42,4.02,2.12
2000-04-27 17:22:28.704956036,Chile,Mexico,0,4,9.18,4.08,1.7,9.35,4.2,1.68
2000-04-28 08:58:25.462893655,Egypt,Switzerland,1,3,4.83,4.08,2.04,4.84,4.2,2.04
2000-04-28 09:56:06.224331383,Ghana,New Zealand,1,0,1.4,4.08,21.2,1.36,4.12,21.5
2000-04-28 13:05:47.264432617,Sweden,Belgium,1,2,2.83,4.08,2.9,2.89,4.17,2.91
2000-04-29 00:49:27.935627394,Norway,Colombia,1,0,2.06,4.08,4.68,2.09,4.02,4.54
2000-07-21 09:31:27.495281048,Honduras,Chile,2,0,3.3,4.08,2.53,3.23,4.18,2.58
2000-07-24 05:28:46.030968606,Japan,Cabo Verde,1,2,1.23,4.08,21.2,1.2,4.07,21.64
2000-07-24 14:46:36.592684791,Trinidad and Tobago,Saudi Arabia,2,1,9.31,4.08,1.69,9.05,4.16,1.72
2000-07-25 06:51:44.815625465,Panama,South Korea,0,1,21.2,4.08,1.51,21.12,4.13,1.53
2000-07-25 23:31:06.640360778,Switzerland,Curaçao,2,0,1.17,4.08,21.2,1.18,4.0,21.23
2000-07-26 01:23:45.871049823,Uruguay,Brazil,2,0,2.93,4.08,2.8,2.85,4.12,2.84
2000-07-26 07:27:41.333929458,Spain,Sweden,2,0,1.25,4.08,21.2,1.24,4.02,21.31
2000-07-27 16:34:22.934546870,New Zealand,Canada,0,0,9.02,4.08,1.7,9.19,4.1,1.67
2000-10-06 06:33:57.874433706,Australia,Senegal,0,1,3.09,4.08,2.67,3.07,3.99,2.6
2000-10-08 03:37:10.637642952,Uruguay,Cabo Verde,1,0,1.2,4.08,21.2,1.17,4.18,21.21
2000-10-08 09:13:31.229628418,Egypt,Haiti,3,0,1.18,4.08,21.2,1.17,4.03,20.7
2000-10-09 04:40:18.454024467,Indonesia,Japan,0,2,9.13,4.08,1.7,9.13,4.18,1.69
2000-10-10 06:51:24.280528908,Czechia,Panama,3,1,1.44,4.08,21.2,1.44,3.96,20.69
2000-10-10 07:27:48.401285243,Norway,Morocco,4,5,2.52,4.08,3.32,2.45,4.08,3.31
2000-10-12 09:33:31.384755751,South Korea,Portugal,0,4,6.3,4.08,1.85,6.11,4.18,1.86
2000-10-13 13:21:25.616997209,Haiti,Peru,1,3,6.74,4.08,1.82,6.68,4.06,1.87
2000-12-20 12:44:22.243902229,South Korea,Colombia,1,2,3.58,4.08,2.39,3.58,4.15,2.38
2000-12-21 06:28:16.329993965,Peru,Venezuela,0,1,1.39,4.08,21.2,1.39,4.13,20.92
2000-12-22 05:55:20.598157148,Egypt,Cabo Verde,1,3,1.63,4.08,11.96,1.67,4.03,12.15
2000-12-22 15:07:20.570842008,Venezuela,Curaçao,1,0,1.51,4.08,21.2,1.53,3.97,21.13
2000-12-23 21:37:56.684074030,Egypt,France,0,5,11.73,4.08,1.63,11.99,4.18,1.6
2000-12-25 13:50:22.010767809,Honduras,Germany,0,2,21.2,4.08,1.49,21.32,4.0,1.52
2000-12-27 00:52:50.617898576,Canada,Trinidad and Tobago,3,2,1.14,4.08,21.2,1.11,4.17,21.53
2000-12-28 23:43:54.774183941,Australia,Norway,0,1,3.54,4.08,2.41,3.53,4.09,2.41
2001-03-08 20:00:47.856413165,France,Sweden,2,1,1.36,4.08,21.2,1.34,4.06,21.25
2001-03-09 14:37:03.000601479,Ghana,Japan,1,4,4.42,4.08,2.12,4.31,3.97,2.08
2001-03-12 05:13:31.398998032,Honduras,Indonesia,1,1,2.0,4.08,5.03,2.05,4.02,5.07
2001-03-12 11:12:30.159415090,Netherlands,Portugal,1,3,1.86,4.08,6.21,1.9,4.01,6.3
2001-03-13 10:22:29.974403163,Trinidad and Tobago,Mexico,0,5,21.2,4.08,1.49,21.31,4.18,1.48
2001-03-15 14:51:09.018150228,Senegal,Croatia,1,2,3.06,4.08,2.69,2.98,4.18,2.76
2001-03-15 20:24:39.561291939,South Africa,New Zealand,2,0,1.56,4.08,17.08,1.54,4.06,17.03
2001-03-16 15:33:25.657953310,Cabo Verde,Tunisia,0,1,3.82,4.08,2.29,3.72,4.06,2.24
2001-05-21 01:25:28.814739213,Bosnia and Herzegovina,Trinidad and Tobago,1,0,1.84,4.08,6.43,1.83,4.06,6.4
2001-05-21 09:00:00.563933078,Tunisia,Uruguay,1,3,4.87,4.08,2.03,4.9,4.14,2.01
2001-05-21 11:10:41.461282481,Uruguay,Trinidad and Tobago,0,0,1.08,4.08,21.2,1.1,4.16,20.98
2001-05-21 14:54:08.209426801,Uruguay,Venezuela,1,2,1.18,4.08,21.2,1.16,4.07,21.01
2001-05-21 21:57:21.504469690,Bosnia and Herzegovina,Switzerland,0,2,13.34,4.08,1.6,13.17,4.15,1.64
2001-05-24 04:06:06.766700771,England,Mexico,3,0,1.41,4.08,21.2,1.41,3.97,21.11
2001-05-25 01:56:47.681007180,Paraguay,Uruguay,0,1,3.31,4.08,2.53,3.28,4.1,2.49
2001-05-25 15:28:17.074243501,Portugal,Venezuela,3,1,1.14,4.08,21.2,1.15,4.19,20.83
2001-08-01 20:38:53.263165156,Kenya,New Zealand,0,1,2.19,4.08,4.16,2.18,4.14,4.1
2001-08-03 11:38:07.135707730,Iran,Nigeria,1,0,2.18,4.08,4.18,2.21,4.09,4.2
2001-08-04 11:24:03.674849273,Uzbekistan,Mexico,0,2,3.81,4.08,2.3,3.77,4.0,2.31
2001-08-05 03:26:30.501710180,Australia,Iraq,2,2,1.23,4.08,21.2,1.23,4.05,21.71
2001-08-05 14:32:44.326043717,Czechia,France,1,3,21.2,4.08,1.52,21.57,3.98,1.54
2001-08-07 06:13:38.951378826,Venezuela,Netherlands,0,2,11.56,4.08,1.64,11.71,4.14,1.67
2001-08-07 21:45:38.745307632,Honduras,Senegal,1,0,10.9,4.08,1.65,10.63,4.2,1.69
2001-08-08 04:21:20.614504638,Spain,Norway,3,0,1.31,4.08,21.2,1.29,4.03,20.96
2001-10-24 21:05:21.375963434,Trinidad and Tobago,Paraguay,1,0,10.74,4.08,1.65,10.85,4.13,1.61
2001-10-25 04:29:40.501101709,Paraguay,South Africa,1,1,1.56,4.08,17.8,1.53,4.13,17.66
2001-10-25 10:22:55.694508037,Kenya,Argentina,0,3,21.2,4.08,1.5,21.11,4.09,1.46
2001-10-25 14:00:51.692219283,England,Iraq,2,0,1.12,4.08,21.2,1.12,4.16,21.43
2001-10-26 01:41:54.744369359,Brazil,Honduras,1,0,1.09,4.08,21.2,1.09,4.01,21.68
2001-10-26 18:05:29.195767942,Egypt,Indonesia,0,0,1.51,4.08,21.2,1.49,4.17,20.59
2001-10-27 19:21:34.274151689,Slovakia,Morocco,0,2,11.85,4.08,1.63,11.79,4.01,1.62
2001-10-28 05:46:02.327078187,Bosnia and Herzegovina,Switzerland,0,0,14.8,4.08,1.59,14.56,3.98,1.58
2002-01-12 08:36:28.240629031,Cuba,Canada,0,3,9.1,4.08,1.7,9.3,4.18,1.69
2002-01-13 03:32:27.193619020,Scotland,Bolivia,1,0,1.75,4.08,7.85,1.77,4.07,7.69
2002-01-15 18:30:16.394651895,Uzbekistan,Netherlands,0,4,5.56,4.08,1.93,5.47,4.17,1.9
2002-01-15 20:42:41.174180461,Iraq,Canada,0,1,3.52,4.08,2.42,3.55,4.02,2.48
2002-01-15 23:27:14.196306031,Indonesia,Costa Rica,2,1,2.21,4.08,4.08,2.25,4.16,4.14
2002-01-17 17:54:38.654914898,Morocco,Spain,0,1,4.95,4.08,2.02,5.01,3.98,1.98
2002-01-19 14:40:04.265267246,Egypt,Ecuador,0,3,3.45,4.08,2.45,3.36,4.19,2.42
2002-01-20 19:43:28.722871445,Chile,Japan,3,0,7.56,4.08,1.77,7.69,4.2,1.74
2002-04-18 21:13:34.378060400,Iraq,Venezuela,3,0,1.93,4.08,5.54,1.94,3.98,5.47
2002-04-19 08:29:17.565321665,South Africa,DR Congo,0,0,1.83,4.08,6.56,1.82,4.08,6.48
2002-04-19 11:14:08.375447417,Panama,England,0,2,21.2,4.08,1.51,21.22,4.02,1.52
2002-04-19 19:32:57.381975376,DR Congo,Chile,2,3,1.98,4.08,5.19,2.04,4.07,5.2
2002-04-21 11:01:40.169059489,Indonesia,Venezuela,0,3,3.06,4.08,2.7,3.07,4.03,2.72
2002-04-22 14:56:45.220091984,Argentina,Ivory Coast,3,0,1.17,4.08,21.2,1.15,4.1,21.73
2002-04-23 08:10:26.467746524,Uzbekistan,New Zealand,2,0,1.44,4.08,21.2,1.42,4.01,21.71
2002-04-23 08:34:59.370673683,Algeria,Jordan,2,2,2.74,4.08,3.0,2.66,4.09,2.96
2002-07-05 14:07:08.163241294,Kenya,Sweden,0,1,12.13,4.08,1.62,12.49,4.11,1.67
2002-07-06 13:20:09.217629105,Scotland,Panama,1,1,1.34,4.08,21.2,1.31,4.15,21.12
2002-07-07 18:22:21.173114106,Germany,Jordan,2,2,1.17,4.08,21.2,1.14,4.06,21.2
2002-07-08 07:25:12.961920806,Norway,Mexico,1,2,1.91,4.08,5.76,1.9,4.09,5.68
2002-07-09 11:46:11.323026361,Scotland,South Africa,4,1,3.09,4.08,2.67,3.03,4.01,2.7
2002-07-09 21:38:55.491120816,South Africa,Jordan,0,3,2.38,4.08,3.6,2.36,4.06,3.57
2002-07-10 04:19:53.338457445,Slovakia,Sweden,1,3,4.01,4.08,2.23,3.91,4.19,2.21
2002-07-10 09:36:26.233180307,Belgium,Bolivia,2,0,1.12,4.08,21.2,1.14,4.06,21.69
2002-09-30 19:11:29.343110446,Scotland,Cuba,1,0,1.31,4.08,21.2,1.31,4.18,21.13
2002-10-01 04:52:45.580904068,DR Congo,Bosnia and Herzegovina,4,0,1.74,4.08,8.03,1.71,3.99,8.02
2002-10-01 08:53:22.541688950,Haiti,Australia,0,1,16.31,4.08,1.57,16.36,4.15,1.59
2002-10-01 19:33:14.822819839,Austria,Kenya,3,0,1.11,4.08,21.2,1.11,4.2,21.61
2002-10-01 19:51:49.101116942,Colombia,Costa Rica,2,0,1.14,4.08,21.2,1.16,3.96,20.82
2002-10-01 20:58:22.167738114,Netherlands,Trinidad and Tobago,4,1,1.08,4.08,21.2,1.07,4.15,21.8
2002-10-02 14:26:30.855882127,DR Congo,Qatar,0,1,1.69,4.08,9.39,1.74,4.09,9.16
2002-10-03 00:41:12.939605213,Chile,Turkey,1,2,8.32,4.08,1.73,8.45,4.16,1.7
2002-12-11 02:40:17.999180740,United States,South Korea,1,1,2.24,4.08,3.96,2.21,4.18,4.06
2002-12-13 15:40:12.697005154,Australia,Curaçao,3,1,1.16,4.08,21.2,1.18,4.13,21.79
2002-12-13 20:57:17.563336605,New Zealand,Brazil,2,2,21.2,4.08,1.5,21.3,4.01,1.51
2002-12-17 15:55:08.408187929,Bolivia,Senegal,0,0,8.8,4.08,1.71,9.01,4.2,1.75
2002-12-18 06:21:09.608123907,Canada,Panama,1,1,1.31,4.08,21.2,1.33,4.13,20.83
2002-12-18 17:25:47.214874265,Belgium,Egypt,2,0,1.2,4.08,21.2,1.2,4.18,21.72
2002-12-19 12:46:27.260528364,Qatar,Croatia,0,1,21.2,4.08,1.51,21.79,4.03,1.54
2002-12-20 07:04:56.726113512,Iraq,Switzerland,1,2,4.12,4.08,2.2,4.01,4.12,2.18
2003-03-02 22:06:54.485498746,Trinidad and Tobago,Norway,1,6,21.2,4.08,1.49,21.78,4.01,1.48
2003-03-03 18:26:17.445427835,Netherlands,United States,2,1,1.82,4.08,6.67,1.77,3.97,6.57
2003-03-04 05:12:53.349227635,Germany,Argentina,2,3,2.06,4.08,4.69,2.09,3.99,4.7
2003-03-04 08:50:19.430491678,Venezuela,England,1,7,21.2,4.08,1.51,21.55,4.03,1.52
2003-03-04 15:41:27.712565870,Paraguay,Colombia,1,1,4.24,4.08,2.16,4.25,4.16,2.11
2003-03-04 23:10:54.318040447,Sweden,Venezuela,4,1,1.17,4.08,21.2,1.14,4.18,21.72
2003-03-07 06:16:28.872016348,Ghana,United States,1,2,4.5,4.08,2.1,4.41,4.02,2.09
2003-03-08 06:20:27.440027343,Senegal,South Africa,1,0,1.34,4.08,21.2,1.36,4.14,21.64
2003-05-12 22:05:44.890270407,Iran,Algeria,2,1,1.4,4.08,21.2,1.36,3.98,21.26
2003-05-13 10:18:01.293676489,Germany,Trinidad and Tobago,5,0,1.07,4.08,21.2,1.09,4.11,21.56
2003-05-16 21:33:16.113800207,Jordan,Trinidad and Tobago,0,1,1.36,4.08,21.2,1.38,4.03,21.25
2003-05-17 04:10:57.526485193,Canada,Uzbekistan,4,0,1.95,4.08,5.4,2.0,4.17,5.55
2003-05-18 17:37:50.707111253,Saudi Arabia,Peru,3,2,2.56,4.08,3.25,2.6,4.02,3.23
2003-05-18 23:13:30.618652560,Tunisia,Portugal,1,0,6.17,4.08,1.87,6.24,4.05,1.82
2003-05-19 17:12:59.272416625,Paraguay,Mexico,2,2,4.33,4.08,2.14,4.26,4.03,2.18
2003-05-19 22:06:13.971964846,Mexico,Cuba,1,0,1.11,4.08,21.2,1.09,4.15,20.97
2003-08-01 11:41:52.843525882,South Korea,Argentina,0,2,7.69,4.08,1.76,7.56,4.06,1.79
2003-08-02 11:51:59.148059635,Kenya,New Zealand,1,1,2.08,4.08,4.58,2.11,4.1,4.49
2003-08-03 10:11:10.297165343,Sweden,Kenya,2,2,1.16,4.08,21.2,1.18,4.14,21.16
2003-08-04 00:49:12.990197683,Morocco,Bosnia and Herzegovina,1,0,1.09,4.08,21.2,1.07,4.0,20.69
2003-08-04 10:37:19.845261464,United States,Australia,0,0,1.72,4.08,8.53,1.72,4.03,8.6
2003-08-04 11:46:01.247078166,France,Ghana,5,0,1.19,4.08,21.2,1.19,4.08,21.56
2003-08-05 09:33:25.264467849,Trinidad and Tobago,Croatia,0,5,21.2,4.08,1.5,21.77,4.0,1.54
2003-08-06 04:09:38.838646801,Netherlands,Cabo Verde,4,0,1.14,4.08,21.2,1.11,4.11,21.64
2003-10-17 02:12:06.453360473,Colombia,Qatar,1,1,1.1,4.08,21.2,1.13,3.96,21.03
2003-10-17 09:38:54.097944573,Nigeria,Ivory Coast,3,1,2.09,4.08,4.54,2.12,3.98,4.6
2003-10-17 19:19:36.337068150,Bolivia,United States,3,2,15.39,4.08,1.58,15.42,4.03,1.57
2003-10-18 17:11:29.007809954,Ghana,DR Congo,0,0,1.86,4.08,6.27,1.82,4.03,6.17
2003-10-19 08:56:09.651226609,Austria,France,0,2,4.73,4.08,2.05,4.79,4.19,2.09
2003-10-19 09:16:20.206332884,South Korea,United States,1,0,2.51,4.08,3.34,2.51,4.03,3.28
2003-10-19 15:07:38.464679568,Turkey,Austria,1,3,3.27,4.08,2.55,3.2,3.98,2.6
2003-10-19 16:50:36.783741049,Netherlands,Honduras,0,0,1.09,4.08,21.2,1.11,4.18,21.63
2003-12-28 20:12:18.615398284,Indonesia,Norway,0,2,14.9,4.08,1.58,15.07,3.96,1.58
2003-12-28 21:04:50.082005027,Germany,Ecuador,2,2,1.82,4.08,6.76,1.84,4.2,6.61
2003-12-28 21:42:44.373411000,Sweden,Jordan,2,2,1.39,4.08,21.2,1.43,3.98,21.15
2003-12-28 22:27:12.731034561,Algeria,Ecuador,0,2,4.08,4.08,2.21,4.09,4.08,2.2
2003-12-29 09:00:36.679901433,Honduras,Argentina,0,4,21.2,4.08,1.47,21.56,3.98,1.48
2003-12-29 09:26:45.502230708,Algeria,Belgium,0,3,10.88,4.08,1.65,10.86,4.12,1.64
2003-12-29 14:28:19.353667139,Brazil,Canada,3,0,1.3,4.08,21.2,1.33,4.06,20.85
2003-12-29 16:59:38.931053756,Chile,Ivory Coast,1,0,5.44,4.08,1.94,5.37,4.15,1.91
2004-03-06 15:49:51.073498546,Scotland,DR Congo,2,1,1.58,4.08,15.05,1.59,4.16,14.89
2004-03-06 20:44:20.426176690,DR Congo,Brazil,0,0,21.2,4.08,1.5,21.75,4.12,1.54
2004-03-07 04:58:16.591499349,France,Morocco,3,1,1.46,4.08,21.2,1.49,4.17,21.74
2004-03-08 08:33:41.846113198,Uruguay,Ivory Coast,3,0,1.25,4.08,21.2,1.23,3.96,20.62
2004-03-09 06:57:19.070624135,South Africa,Portugal,0,4,16.28,4.08,1.57,16.2,4.15,1.55
2004-03-09 16:22:27.305823114,Czechia,Curaçao,0,0,1.29,4.08,21.2,1.26,3.97,21.52
2004-03-10 16:21:24.952343050,Austria,Spain,1,1,5.11,4.08,1.99,5.09,4.01,2.0
2004-03-11 06:26:45.384737750,Nigeria,Senegal,0,0,3.33,4.08,2.51,3.29,4.19,2.54
2004-05-22 14:50:30.032534937,DR Congo,Czechia,2,0,3.46,4.08,2.44,3.38,4.03,2.45
2004-05-24 04:03:34.278364656,France,South Africa,1,1,1.2,4.08,21.2,1.19,4.01,20.83
2004-05-25 02:28:34.864976530,Brazil,Switzerland,2,0,1.52,4.08,21.2,1.56,4.06,20.82
2004-05-25 16:44:01.259446455,Egypt,Trinidad and Tobago,0,0,1.14,4.08,21.2,1.16,4.08,21.57
2004-05-26 16:12:41.304099222,South Korea,Indonesia,1,2,1.23,4.08,21.2,1.2,4.11,21.8
2004-05-28 00:11:26.255827532,Kenya,Uruguay,1,2,16.87,4.08,1.57,16.69,4.09,1.61
2004-05-28 03:03:26.802699929,Chile,Bolivia,1,2,2.8,4.08,2.93,2.84,4.01,2.94
2004-05-28 05:14:27.230668359,Czechia,Croatia,1,1,10.24,4.08,1.67,10.49,4.16,1.69
2004-07-27 13:07:48.347442974,Peru,Austria,3,2,4.79,4.08,2.04,4.72,4.01,2.01
2004-07-27 20:51:40.536498206,Portugal,South Africa,3,0,1.14,4.08,21.2,1.16,4.04,21.42
2004-07-28 06:37:10.253486721,United States,South Africa,3,1,1.24,4.08,21.2,1.24,3.99,20.69
2004-07-28 19:10:54.040807086,Ecuador,Germany,1,1,3.6,4.08,2.38,3.64,4.09,2.43
2004-07-29 00:43:33.101291110,Bolivia,Norway,0,4,9.15,4.08,1.7,9.4,4.03,1.69
2004-07-29 12:43:58.559091787,Scotland,Kenya,3,1,1.66,4.08,10.29,1.65,4.17,10.44
2004-07-29 16:58:36.397029109,Bolivia,Honduras,0,0,1.9,4.08,5.82,1.89,4.18,5.78
2004-07-30 05:18:30.671941135,South Korea,Australia,4,0,1.77,4.08,7.54,1.79,4.03,7.42
2004-10-14 14:03:50.922602232,Honduras,Slovakia,1,1,4.12,4.08,2.19,4.13,4.1,2.23
2004-10-14 14:17:06.389428992,France,Curaçao,1,1,1.08,4.08,21.2,1.09,3.98,21.26
2004-10-15 05:40:29.679160389,Norway,Curaçao,1,2,1.1,4.08,21.2,1.13,4.0,20.93
2004-10-15 11:58:46.960474801,Chile,DR Congo,0,1,1.98,4.08,5.21,1.97,4.09,5.29
2004-10-15 19:52:11.194188058,Trinidad and Tobago,England,0,6,21.2,4.08,1.46,21.11,4.16,1.49
2004-10-15 23:45:31.073689549,Czechia,Egypt,0,2,2.75,4.08,2.99,2.78,4.2,2.93
2004-10-16 04:59:12.178632685,Norway,Indonesia,1,1,1.19,4.08,21.2,1.2,4.11,21.0
2004-10-17 11:58:20.171836866,Ghana,Ecuador,0,1,3.87,4.08,2.27,3.86,4.03,2.23
2004-12-31 05:08:20.525966565,Croatia,Uruguay,3,0,1.71,4.08,8.85,1.69,4.01,8.77
2005-01-01 16:32:20.882818687,Costa Rica,Peru,0,1,9.27,4.08,1.69,9.06,4.01,1.68
2005-01-02 20:13:08.319422235,Ivory Coast,Czechia,0,1,1.78,4.08,7.27,1.81,4.03,7.41
2005-01-04 06:52:32.817986663,Turkey,England,0,0,5.53,4.08,1.93,5.38,4.01,1.96
2005-01-06 04:11:36.649717996,Ivory Coast,Haiti,0,0,1.25,4.08,21.2,1.28,3.97,21.63
2005-01-06 11:38:49.835971319,Croatia,Qatar,1,0,1.11,4.08,21.2,1.11,4.07,20.94
2005-01-06 19:11:22.274619006,Germany,Netherlands,0,0,1.89,4.08,5.95,1.87,4.17,6.12
2005-01-06 23:12:46.068410650,Cabo Verde,Iran,0,0,5.06,4.08,2.0,5.14,3.97,2.02
2005-03-16 18:31:23.739110382,France,Brazil,2,0,1.62,4.08,12.33,1.58,4.19,12.23
2005-03-17 13:13:48.417167651,Indonesia,Saudi Arabia,0,0,2.24,4.08,3.98,2.27,4.07,4.03
2005-03-18 01:41:02.916334880,Kenya,Haiti,1,1,1.67,4.08,9.94,1.67,3.99,9.67
2005-03-18 18:48:25.035906958,Japan,Bolivia,2,0,1.19,4.08,21.2,1.16,4.06,21.34
2005-03-18 21:25:09.540514835,Honduras,United States,0,4,15.73,4.08,1.58,15.6,4.18,1.61
2005-03-19 12:59:22.070642859,Kenya,Honduras,1,1,1.89,4.08,5.93,1.91,4.07,5.93
2005-03-20 12:43:35.753180018,Brazil,Mexico,0,0,1.38,4.08,21.2,1.34,4.04,21.74
2005-03-23 09:55:17.077279294,Algeria,Turkey,0,3,3.6,4.08,2.38,3.53,4.11,2.4
2005-06-08 05:04:35.853906903,Tunisia,New Zealand,0,0,1.45,4.08,21.2,1.43,4.03,20.86
2005-06-09 14:41:23.987102450,Honduras,DR Congo,2,0,2.58,4.08,3.23,2.61,4.03,3.25
2005-06-09 18:13:37.388700426,Ivory Coast,Portugal,0,1,11.45,4.08,1.64,11.29,3.99,1.65
2005-06-10 07:08:40.635736467,Nigeria,Scotland,1,1,1.34,4.08,21.2,1.33,4.05,21.5
2005-06-10 15:34:01.224439910,Bosnia and Herzegovina,South Korea,1,2,7.66,4.08,1.76,7.49,4.17,1.77
2005-06-10 19:25:19.601430351,Chile,Portugal,2,3,15.84,4.08,1.57,15.44,4.07,1.54
2005-06-11 17:18:54.553426879,Canada,Peru,2,0,1.63,4.08,11.89,1.59,4.19,11.86
2005-06-11 18:34:52.232450956,Bolivia,Nigeria,0,2,4.48,4.08,2.11,4.46,4.06,2.07
2005-08-30 12:59:03.780885663,Paraguay,Colombia,1,0,3.71,4.08,2.33,3.79,4.08,2.28
2005-08-30 13:59:24.609983390,England,Ivory Coast,2,2,1.2,4.08,21.2,1.21,4.13,20.79
2005-08-30 15:38:59.252986145,Kenya,Mexico,1,1,14.32,4.08,1.59,14.72,4.11,1.58
2005-09-01 17:12:30.649355169,United States,Trinidad and Tobago,3,0,1.1,4.08,21.2,1.1,4.11,21.83
2005-09-02 13:04:18.329510443,Iran,Paraguay,0,0,2.71,4.08,3.04,2.78,3.97,3.13
2005-09-02 19:54:48.386412956,Trinidad and Tobago,South Africa,0,0,6.47,4.08,1.84,6.33,3.98,1.79
2005-09-05 00:48:59.267797296,Bosnia and Herzegovina,Netherlands,0,1,21.2,4.08,1.5,21.78,4.13,1.48
2005-09-07 19:34:04.644703945,Haiti,Trinidad and Tobago,2,1,2.31,4.08,3.76,2.27,4.04,3.77
2005-11-11 00:58:35.361538092,Qatar,Czechia,3,1,3.61,4.08,2.37,3.66,3.99,2.44
2005-11-11 04:44:52.812703493,Scotland,Brazil,0,1,12.84,4.08,1.61,13.13,4.11,1.58
2005-11-11 13:41:53.651573477,Canada,Uzbekistan,1,1,1.76,4.08,7.72,1.75,4.18,7.79
2005-11-12 05:31:01.326765004,Argentina,Norway,1,1,1.48,4.08,21.2,1.49,4.07,20.96
2005-11-12 09:14:24.292515225,Haiti,Venezuela,1,2,3.19,4.08,2.6,3.24,4.13,2.61
2005-11-12 15:47:58.117564938,Algeria,Mexico,0,1,7.96,4.08,1.75,8.2,4.19,1.71
2005-11-12 19:04:58.634945640,Germany,Uzbekistan,0,0,1.24,4.08,21.2,1.23,4.18,21.38
2005-11-13 23:04:11.382522052,Egypt,Argentina,1,6,8.65,4.08,1.72,8.78,4.14,1.76
2006-02-06 17:51:50.287979721,Indonesia,Australia,1,1,9.78,4.08,1.68,9.71,4.11,1.64
2006-02-08 01:00:45.242754550,Haiti,Ghana,0,2,4.01,4.08,2.23,3.94,4.05,2.18
2006-02-08 21:04:18.596225792,Algeria,Sweden,1,2,7.89,4.08,1.75,7.8,4.03,1.75
2006-02-09 01:01:46.363280297,Iran,Panama,1,1,1.25,4.08,21.2,1.25,4.14,21.45
2006-02-10 11:34:23.972051391,Czechia,Peru,2,2,3.09,4.08,2.67,3.12,4.01,2.73
2006-02-11 04:45:00.773682491,Czechia,Tunisia,1,2,2.86,4.08,2.87,2.89,4.1,2.92
2006-02-11 23:52:19.003725029,Ivory Coast,Uzbekistan,0,1,1.73,4.08,8.36,1.71,4.05,8.23
2006-02-13 20:27:23.347913465,Australia,Brazil,2,2,3.33,4.08,2.51,3.23,4.01,2.45
2006-04-21 14:48:43.691648974,Ghana,United States,1,2,4.29,4.08,2.15,4.34,4.0,2.19
2006-04-21 17:31:35.856705319,New Zealand,Australia,1,1,8.41,4.08,1.73,8.24,4.1,1.69
2006-04-22 00:59:39.315262999,Trinidad and Tobago,Ecuador,1,0,21.2,4.08,1.49,21.45,4.07,1.46
2006-04-22 23:17:31.158468822,DR Congo,Spain,1,7,21.2,4.08,1.47,20.99,4.03,1.49
2006-04-23 10:23:06.308240877,Austria,Colombia,0,1,2.07,4.08,4.67,2.04,4.19,4.58
2006-04-24 10:18:06.848866323,Tunisia,Saudi Arabia,0,2,1.84,4.08,6.45,1.82,4.2,6.37
2006-04-24 15:18:11.543830881,Australia,Argentina,0,4,7.24,4.08,1.79,7.14,4.05,1.83
2006-04-26 09:26:59.585187655,Portugal,Cabo Verde,2,2,1.15,4.08,21.2,1.15,4.2,20.69
2006-06-27 16:01:53.265216447,South Africa,Bosnia and Herzegovina,1,0,1.39,4.08,21.2,1.37,4.1,21.74
2006-06-27 17:01:38.960897336,Senegal,Cabo Verde,2,0,1.39,4.08,21.2,1.4,4.07,20.6
2006-06-27 19:04:48.045288824,Austria,Switzerland,2,2,1.62,4.08,12.21,1.62,4.0,11.98
2006-06-28 20:52:40.945925291,Canada,Indonesia,2,0,1.21,4.08,21.2,1.18,3.96,21.7
2006-06-29 11:46:09.397091991,Slovakia,Senegal,1,2,6.73,4.08,1.82,6.89,4.03,1.8
2006-06-30 00:46:48.908341349,Japan,Kenya,2,1,1.16,4.08,21.2,1.15,3.99,21.36
2006-06-30 02:53:51.505049746,Morocco,Sweden,2,1,1.67,4.08,10.24,1.7,4.16,10.15
2006-06-30 08:02:32.726198110,Croatia,Honduras,0,1,1.1,4.08,21.2,1.09,4.06,21.18
2006-09-10 22:25:06.766872975,Honduras,Bolivia,1,3,2.53,4.08,3.29,2.49,4.01,3.26
2006-09-12 06:56:44.442063034,New Zealand,Paraguay,0,1,4.79,4.08,2.04,4.77,4.17,2.09
2006-09-12 08:02:28.084504378,Slovakia,Spain,2,1,14.72,4.08,1.59,14.74,4.11,1.62
2006-09-12 16:02:00.197242925,Slovakia,Nigeria,0,0,2.57,4.08,3.23,2.5,4.01,3.17
2006-09-12 23:55:07.858132280,Saudi Arabia,Kenya,0,1,1.37,4.08,21.2,1.37,4.04,21.05
2006-09-14 03:34:04.097299444,Uzbekistan,Scotland,1,0,1.96,4.08,5.31,1.99,3.99,5.44
2006-09-14 14:13:04.124914133,Austria,Brazil,1,2,3.55,4.08,2.4,3.45,4.2,2.46
2006-09-14 23:04:34.538947962,Portugal,Tunisia,4,0,1.18,4.08,21.2,1.19,4.03,21.28
2006-11-26 10:12:09.859047922,Peru,Japan,1,2,4.69,4.08,2.06,4.65,4.04,2.11
2006-11-29 03:01:42.682946056,Brazil,Netherlands,1,1,1.95,4.08,5.36,1.94,3.98,5.23
2006-11-29 16:49:39.707293349,Japan,Belgium,0,1,3.75,4.08,2.32,3.72,4.17,2.37
2006-11-30 10:57:17.736510010,Costa Rica,Chile,2,2,2.47,4.08,3.4,2.52,4.16,3.42
2006-12-01 05:29:59.978284866,Canada,Curaçao,1,2,1.2,4.08,21.2,1.17,4.18,21.43
2006-12-02 11:20:34.988754337,Egypt,Argentina,1,1,8.67,4.08,1.72,8.63,3.98,1.7
2006-12-03 18:51:43.307620767,Ghana,DR Congo,2,2,1.43,4.08,21.2,1.46,4.17,20.72
2006-12-05 08:03:21.282166234,South Africa,Morocco,1,3,6.54,4.08,1.83,6.43,4.03,1.86
2007-02-20 10:47:33.154012859,Cabo Verde,DR Congo,2,2,2.14,4.08,4.35,2.1,4.02,4.3
2007-02-21 01:24:37.062378334,Honduras,Iran,1,1,7.01,4.08,1.8,7.18,4.04,1.76
2007-02-21 09:55:53.904330663,New Zealand,Peru,0,0,4.41,4.08,2.12,4.45,4.02,2.16
2007-02-22 17:43:42.122218124,Bosnia and Herzegovina,Norway,2,4,16.56,4.08,1.57,16.73,4.13,1.56
2007-02-23 01:15:26.131085476,Spain,Germany,1,1,1.94,4.08,5.49,1.99,4.01,5.5
2007-02-23 05:35:06.976134000,Ghana,United States,1,2,3.68,4.08,2.35,3.79,4.06,2.32
2007-02-23 18:01:56.376544405,Chile,Czechia,4,1,2.85,4.08,2.88,2.83,4.17,2.83
2007-02-24 02:57:43.311507150,Argentina,Canada,0,1,1.17,4.08,21.2,1.19,4.12,20.63
2007-05-11 13:14:07.834370385,Costa Rica,Iraq,1,1,4.07,4.08,2.21,4.13,4.09,2.15
2007-05-11 16:14:10.173936311,Czechia,Mexico,1,4,7.73,4.08,1.76,7.63,4.03,1.74
2007-05-12 15:36:59.216469674,South Africa,Brazil,2,3,10.83,4.08,1.65,10.59,4.19,1.61
2007-05-13 17:06:32.671562398,Qatar,Scotland,2,2,4.46,4.08,2.11,4.33,4.16,2.17
2007-05-14 06:32:02.306523560,Mexico,Panama,2,0,1.1,4.08,21.2,1.09,4.0,21.79
2007-05-14 23:16:05.182659740,Colombia,Netherlands,1,1,3.13,4.08,2.64,3.13,4.07,2.65
2007-05-15 18:55:57.945583829,Chile,Argentina,0,3,21.2,4.08,1.49,21.61,4.01,1.5
2007-05-16 07:31:00.447710712,Scotland,New Zealand,1,0,1.66,4.08,10.58,1.67,4.11,10.69
2007-08-01 20:52:58.072031427,Bosnia and Herzegovina,Nigeria,1,4,7.45,4.08,1.77,7.28,4.01,1.76
2007-08-02 08:14:52.775309341,Austria,Bosnia and Herzegovina,1,1,1.13,4.08,21.2,1.16,4.13,21.39
2007-08-03 19:54:06.066757975,Bolivia,Paraguay,1,1,4.34,4.08,2.14,4.24,4.07,2.09
2007-08-04 07:05:35.650187699,Nigeria,Peru,0,0,1.59,4.08,14.43,1.59,4.05,14.15
2007-08-05 09:29:22.617608247,Switzerland,South Korea,2,0,2.18,4.08,4.18,2.13,4.11,4.15
2007-08-06 00:46:23.006434512,Australia,Austria,3,1,3.08,4.08,2.68,3.1,4.01,2.71
2007-08-07 01:32:58.660478607,Croatia,Tunisia,5,1,1.32,4.08,21.2,1.35,4.01,20.83
2007-08-07 18:58:11.977927808,Austria,France,1,5,6.01,4.08,1.88,5.91,4.13,1.88
2007-10-22 09:10:11.513749500,Senegal,Belgium,3,2,3.82,4.08,2.29,3.92,3.96,2.27
2007-10-22 20:03:13.938522445,Netherlands,Cabo Verde,2,0,1.16,4.08,21.2,1.14,3.97,21.68
2007-10-26 00:48:43.809452710,France,Panama,3,0,1.07,4.08,21.2,1.09,4.04,21.15
2007-10-27 00:53:47.793007300,United States,Spain,1,3,5.14,4.08,1.99,5.19,4.02,1.99
2007-10-27 22:41:03.011608295,Panama,Spain,1,4,21.2,4.08,1.49,21.21,4.15,1.48
2007-10-28 19:24:38.345915910,Czechia,Slovakia,1,2,2.32,4.08,3.74,2.36,4.01,3.76
2007-10-31 06:45:23.475053058,Portugal,South Korea,3,2,1.46,4.08,21.2,1.43,4.08,21.7
2007-10-31 17:29:26.158420722,Switzerland,Mexico,0,3,2.73,4.08,3.01,2.7,4.08,2.98
2008-01-10 21:00:55.885639916,Panama,Colombia,0,2,21.14,4.08,1.54,21.73,4.04,1.52
2008-01-11 23:03:26.266347532,Netherlands,Jordan,2,2,1.13,4.08,21.2,1.14,4.0,20.65
2008-01-12 23:23:40.535709913,Austria,Uzbekistan,3,0,1.48,4.08,21.2,1.47,3.98,21.6
2008-01-15 15:14:58.671295203,Paraguay,Argentina,0,1,14.92,4.08,1.58,15.23,4.1,1.55
2008-01-16 13:29:45.202986529,Indonesia,Honduras,1,1,1.96,4.08,5.32,1.96,4.15,5.32
2008-01-16 22:58:17.813351579,Uzbekistan,South Korea,1,1,3.18,4.08,2.61,3.22,4.12,2.56
2008-01-17 03:45:44.512070904,Cuba,Egypt,1,0,7.58,4.08,1.77,7.4,4.11,1.78
2008-01-17 09:10:29.225766506,Saudi Arabia,Cabo Verde,1,0,1.48,4.08,21.2,1.47,3.97,21.62
2008-04-04 10:53:43.592604017,Chile,Ivory Coast,3,2,2.57,4.08,3.23,2.62,4.07,3.22
2008-04-05 02:11:27.572558256,Austria,Ivory Coast,1,0,1.27,4.08,21.2,1.26,3.98,20.95
2008-04-05 13:22:58.225882482,Japan,Ivory Coast,1,2,1.34,4.08,21.2,1.3,3.97,20.76
2008-04-06 05:00:54.173330885,Mexico,Trinidad and Tobago,3,0,1.1,4.08,21.2,1.11,4.09,21.66
2008-04-06 14:43:11.311203666,Algeria,Turkey,1,1,4.65,4.08,2.07,4.64,4.17,2.09
2008-04-06 20:46:08.102088154,Bosnia and Herzegovina,Iran,2,1,7.89,4.08,1.75,7.74,3.97,1.73
2008-04-07 13:56:25.944438063,Bolivia,Iraq,1,4,2.45,4.08,3.45,2.46,4.16,3.53
2008-04-07 15:26:34.655135598,Canada,Germany,2,1,5.54,4.08,1.93,5.42,3.96,1.98
2008-06-14 02:01:56.059843327,Austria,Egypt,2,0,1.4,4.08,21.2,1.41,4.02,21.76
2008-06-14 11:29:24.596277713,Uzbekistan,Canada,1,2,2.04,4.08,4.8,2.05,4.2,4.85
2008-06-15 00:24:03.943587623,Curaçao,Nigeria,1,1,15.05,4.08,1.58,14.7,4.14,1.57
2008-06-16 10:54:34.760422033,Germany,Bosnia and Herzegovina,4,0,1.1,4.08,21.2,1.09,4.0,21.0
2008-06-16 16:50:41.405989191,Brazil,Cabo Verde,3,0,1.15,4.08,21.2,1.17,4.0,20.69
2008-06-19 19:08:59.706363938,Qatar,France,0,1,21.2,4.08,1.45,21.64,4.01,1.44
2008-06-20 17:11:43.376266292,Switzerland,South Africa,1,2,1.3,4.08,21.2,1.33,4.14,21.17
2008-06-21 00:54:08.716022628,Bolivia,Ecuador,0,4,5.56,4.08,1.93,5.52,3.97,1.93
2008-09-03 01:14:36.534439265,Brazil,Cuba,1,0,1.08,4.08,21.2,1.07,3.97,20.64
2008-09-03 04:45:34.204464994,Peru,Bolivia,4,1,1.31,4.08,21.2,1.28,4.02,21.48
2008-09-03 05:22:46.826539653,Portugal,Cuba,5,0,1.08,4.08,21.2,1.1,4.17,21.78
2008-09-03 06:32:57.364793095,Haiti,Ivory Coast,0,2,15.77,4.08,1.58,15.88,4.15,1.59
2008-09-05 05:42:59.331913501,Ghana,New Zealand,1,2,1.5,4.08,21.2,1.47,4.04,20.91
2008-09-05 20:14:04.419096549,England,Switzerland,3,1,1.38,4.08,21.2,1.41,4.12,20.69
2008-09-07 13:19:37.170991203,Iraq,Costa Rica,2,0,1.36,4.08,21.2,1.37,4.13,21.57
2008-09-07 17:17:39.065885727,South Africa,Switzerland,1,3,15.97,4.08,1.57,15.56,4.13,1.52
2008-11-20 22:31:01.208316647,Czechia,Kenya,2,1,1.6,4.08,13.87,1.6,4.14,13.69
2008-11-23 23:47:06.983035381,Morocco,South Korea,1,2,1.5,4.08,21.2,1.53,4.18,20.64
2008-11-24 04:29:27.983535221,Iran,Uruguay,1,4,4.44,4.08,2.11,4.53,4.1,2.08
2008-11-24 14:57:33.061875781,Honduras,Croatia,1,2,16.81,4.08,1.57,16.52,4.08,1.6
2008-11-25 01:46:04.795735931,South Korea,Nigeria,3,0,1.72,4.08,8.45,1.72,3.96,8.54
2008-11-25 11:10:03.215458262,France,England,4,0,1.79,4.08,7.22,1.8,3.99,7.12
2008-11-25 18:19:36.027449275,Ivory Coast,Austria,1,2,6.93,4.08,1.81,6.98,4.06,1.77
2008-11-26 21:35:14.479167451,Cabo Verde,Croatia,0,2,14.16,4.08,1.59,14.44,4.1,1.57
2009-01-30 20:50:34.303125100,Peru,Japan,1,1,4.86,4.08,2.03,4.89,4.09,1.98
2009-02-01 10:56:43.095711629,England,Indonesia,1,0,1.12,4.08,21.2,1.11,4.1,20.6
2009-02-01 18:45:45.178557569,Portugal,United States,3,2,1.67,4.08,10.11,1.7,4.08,10.35
2009-02-02 13:35:11.285565531,Uruguay,Senegal,0,0,2.31,4.08,3.76,2.26,3.98,3.7
2009-02-02 14:42:58.662674491,Bosnia and Herzegovina,Bolivia,0,2,4.47,4.08,2.11,4.52,4.14,2.09
2009-02-05 14:13:30.471880071,Sweden,Switzerland,0,2,1.93,4.08,5.59,1.94,4.04,5.43
2009-02-06 00:15:01.986088939,Norway,Honduras,1,3,1.11,4.08,21.2,1.08,4.2,20.7
2009-02-06 18:52:42.581460684,Colombia,Cabo Verde,1,0,1.17,4.08,21.2,1.2,4.05,21.75
2009-05-03 23:37:32.573982962,South Africa,Trinidad and Tobago,0,0,1.41,4.08,21.2,1.41,3.97,21.37
2009-05-04 00:07:08.237663419,France,Ecuador,1,1,1.28,4.08,21.2,1.29,3.99,21.59
2009-05-04 02:27:49.685252636,Slovakia,Jordan,0,0,1.75,4.08,7.87,1.71,3.96,8.04
2009-05-04 16:58:19.797337309,Sweden,Belgium,1,1,3.28,4.08,2.54,3.38,4.18,2.48
2009-05-05 06:48:11.507011811,Venezuela,Bosnia and Herzegovina,3,2,1.36,4.08,21.2,1.35,4.19,21.83
2009-05-05 15:39:29.625281093,Kenya,Japan,0,0,13.36,4.08,1.6,13.55,4.08,1.59
2009-05-06 13:27:13.524224295,Germany,Morocco,0,1,2.17,4.08,4.23,2.17,4.09,4.31
2009-05-06 17:18:40.182479937,Iran,Cuba,3,0,1.13,4.08,21.2,1.14,3.99,20.93
2009-07-16 17:48:56.105342188,Austria,Egypt,3,0,1.61,4.08,13.22,1.63,4.05,13.42
2009-07-19 19:13:40.895375661,Nigeria,Panama,2,2,1.24,4.08,21.2,1.21,4.11,21.69
2009-07-21 20:37:18.735710359,Trinidad and Tobago,Saudi Arabia,0,0,8.59,4.08,1.72,8.41,4.07,1.7
2009-07-21 21:24:41.660921302,Australia,Uruguay,1,1,2.73,4.08,3.02,2.66,4.17,3.02
2009-07-23 19:26:49.115539359,Croatia,Scotland,0,0,1.17,4.08,21.2,1.19,3.97,21.13
2009-07-24 00:04:37.965341675,Croatia,Curaçao,3,0,1.11,4.08,21.2,1.12,4.01,20.83
2009-07-24 04:24:09.496625047,England,Sweden,3,1,1.21,4.08,21.2,1.19,4.01,21.67
2009-07-25 04:14:51.536547211,Australia,Honduras,1,0,1.16,4.08,21.2,1.19,4.19,20.81
2009-10-13 21:49:45.999027229,Belgium,Uzbekistan,2,3,1.37,4.08,21.2,1.35,4.06,20.8
2009-10-14 22:53:23.924214342,Peru,Haiti,4,0,1.28,4.08,21.2,1.26,4.06,21.54
2009-10-15 14:41:00.093379878,Belgium,Colombia,1,2,1.77,4.08,7.53,1.75,4.09,7.64
2009-10-17 03:49:01.293495281,New Zealand,Ivory Coast,1,1,4.87,4.08,2.03,4.97,4.15,2.0
2009-10-17 11:11:14.390577057,Switzerland,Costa Rica,2,0,1.15,4.08,21.2,1.16,3.99,20.75
2009-10-17 11:28:36.641426271,Spain,Germany,3,0,1.81,4.08,6.92,1.76,4.2,6.81
2009-10-17 15:53:41.166762052,Sweden,Iran,0,1,1.76,4.08,7.63,1.8,4.1,7.8
2009-10-17 19:02:30.056680156,England,Qatar,5,0,1.09,4.08,21.2,1.11,3.98,21.32
2009-12-31 22:54:07.752277334,Czechia,Ghana,2,1,3.49,4.08,2.43,3.58,4.04,2.43
2010-01-02 00:14:11.378622077,Bolivia,Saudi Arabia,0,4,2.68,4.08,3.08,2.6,3.98,3.15
2010-01-03 23:07:34.682980290,Sweden,Ecuador,3,2,1.6,4.08,13.33,1.57,3.97,13.38
2010-01-04 19:26:11.469317875,Uzbekistan,South Africa,0,2,1.37,4.08,21.2,1.38,4.03,21.21
2010-01-05 13:16:04.851749349,New Zealand,Tunisia,0,2,5.46,4.08,1.94,5.38,3.99,1.96
2010-01-05 14:14:45.881077134,Croatia,Jordan,0,1,1.16,4.08,21.2,1.17,4.15,20.9
2010-01-06 07:20:46.194634710,Portugal,Slovakia,2,2,1.13,4.08,21.2,1.15,4.08,21.58
2010-01-07 11:14:46.194925969,Sweden,United States,0,0,2.41,4.08,3.54,2.4,4.19,3.46
2010-03-18 09:52:48.712936544,Indonesia,Iraq,0,0,2.05,4.08,4.76,2.07,4.19,4.79
2010-03-18 13:43:38.901666488,Bolivia,Colombia,0,3,10.18,4.08,1.67,10.24,3.97,1.71
2010-03-19 13:52:22.254817153,Bolivia,Haiti,1,0,1.34,4.08,21.2,1.32,3.99,20.91
2010-03-19 14:10:19.721328020,Belgium,Algeria,3,0,1.12,4.08,21.2,1.15,4.0,20.79
2010-03-19 19:22:42.008051035,Sweden,New Zealand,1,0,1.25,4.08,21.2,1.22,3.97,20.79
2010-03-20 03:37:26.911091845,Honduras,South Africa,0,2,2.7,4.08,3.05,2.76,3.96,3.01
2010-03-20 05:43:27.294320819,DR Congo,Ivory Coast,1,3,4.19,4.08,2.18,4.19,4.01,2.19
2010-03-20 19:17:15.145288547,Indonesia,Venezuela,0,4,3.45,4.08,2.45,3.35,4.07,2.41
2010-06-02 05:41:33.360515144,Canada,Croatia,0,1,5.98,4.08,1.88,6.14,4.13,1.89
2010-06-04 04:43:34.726597612,Indonesia,Costa Rica,1,2,1.95,4.08,5.38,1.93,4.04,5.48
2010-06-05 14:44:08.486563423,Czechia,Germany,1,0,13.35,4.08,1.6,12.97,4.07,1.61
2010-06-05 20:34:51.331799699,New Zealand,Qatar,0,2,1.85,4.08,6.39,1.9,3.98,6.36
2010-06-07 09:53:25.432339194,Iraq,Czechia,1,1,2.25,4.08,3.93,2.31,3.99,3.92
2010-06-07 19:19:08.612198669,Spain,Curaçao,4,1,1.08,4.08,21.2,1.09,4.0,21.49
2010-06-08 06:32:13.159130444,Chile,Uzbekistan,0,2,3.09,4.08,2.67,3.02,4.1,2.67
2010-06-08 20:50:42.837096015,Morocco,Croatia,3,3,1.88,4.08,6.06,1.9,4.17,5.9
2010-09-01 14:26:13.410697842,Tunisia,Algeria,1,3,1.6,4.08,13.37,1.62,4.05,13.32
2010-09-03 01:55:21.214465513,DR Congo,Spain,0,4,21.2,4.08,1.47,20.6,4.06,1.46
2010-09-04 06:12:16.457690730,United States,Cabo Verde,2,0,1.32,4.08,21.2,1.32,4.1,21.12
2010-09-05 12:13:19.477333153,Japan,Austria,1,0,1.59,4.08,14.13,1.6,3.98,13.76
2010-09-07 04:28:58.950807493,Chile,Canada,0,4,3.75,4.08,2.32,3.69,4.11,2.29
2010-09-09 04:17:44.251387635,DR Congo,Jordan,0,1,2.16,4.08,4.26,2.17,4.2,4.15
2010-09-09 07:26:41.063537991,Trinidad and Tobago,Scotland,0,1,11.42,4.08,1.64,11.49,3.97,1.62
2010-09-09 18:50:55.903742806,Kenya,Belgium,1,1,21.2,4.08,1.53,21.37,4.11,1.55
2010-11-16 22:10:36.827286843,Morocco,Tunisia,2,0,1.27,4.08,21.2,1.26,4.02,21.57
2010-11-17 00:39:11.037710422,Mexico,Honduras,1,3,1.14,4.08,21.2,1.14,3.98,21.36
2010-11-17 01:27:38.109199356,Australia,South Korea,1,3,2.44,4.08,3.47,2.47,4.11,3.47
2010-11-17 03:02:37.188690405,United States,Kenya,1,1,1.12,4.08,21.2,1.15,4.16,21.71
2010-11-18 08:50:17.555141129,Iran,Spain,1,0,6.47,4.08,1.84,6.48,3.99,1.84
2010-11-18 18:52:09.301587207,Haiti,Paraguay,1,2,8.39,4.08,1.73,8.59,4.13,1.78
2010-11-18 21:27:08.490169630,Haiti,Canada,0,0,11.0,4.08,1.65,11.26,4.19,1.6
2010-11-19 02:30:22.259990326,Honduras,Iran,0,0,5.83,4.08,1.9,5.66,4.11,1.86
2011-01-26 22:56:10.883129344,Uzbekistan,Spain,0,7,13.66,4.08,1.6,13.61,4.18,1.62
2011-01-27 00:41:31.467884793,Panama,Colombia,0,0,10.63,4.08,1.66,10.47,4.07,1.7
2011-01-27 04:13:51.646326237,New Zealand,Bolivia,0,1,2.25,4.08,3.94,2.27,4.07,3.83
2011-01-28 05:18:11.640019474,Haiti,South Africa,1,0,3.78,4.08,2.31,3.78,4.14,2.26
2011-01-30 14:45:31.973571542,Cabo Verde,Kenya,3,1,1.46,4.08,21.2,1.47,4.12,21.59
2011-01-31 15:36:35.588375707,Slovakia,Honduras,0,0,1.4,4.08,21.2,1.4,4.19,21.48
2011-02-03 07:49:20.937538302,South Korea,Venezuela,1,1,1.26,4.08,21.2,1.26,4.05,20.8
2011-02-04 01:17:24.134824986,Venezuela,Croatia,1,4,11.83,4.08,1.63,12.18,4.15,1.6
2011-04-08 18:05:45.453878538,Czechia,Spain,1,2,10.22,4.08,1.67,9.94,3.99,1.65
2011-04-08 18:20:28.682752841,Tunisia,Iran,0,0,3.24,4.08,2.57,3.29,4.03,2.52
2011-04-10 22:49:03.308310606,Germany,Slovakia,4,0,1.2,4.08,21.2,1.23,4.13,20.98
2011-04-11 01:42:54.856620917,Australia,Panama,2,0,1.18,4.08,21.2,1.17,4.02,20.78
2011-04-11 17:56:07.595778870,Bosnia and Herzegovina,South Korea,3,2,16.23,4.08,1.57,16.22,4.03,1.55
2011-04-11 21:12:50.452333838,United States,Slovakia,3,0,1.29,4.08,21.2,1.29,4.13,21.05
2011-04-12 03:58:31.594541708,Croatia,Colombia,3,1,1.49,4.08,21.2,1.5,4.04,21.79
2011-04-12 04:32:01.466438185,Bolivia,Germany,0,2,19.44,4.08,1.55,19.12,4.07,1.56
2011-06-20 11:18:37.870191210,Austria,Iraq,1,1,1.29,4.08,21.2,1.27,4.07,21.82
2011-06-21 17:46:44.361787164,France,Algeria,3,1,1.1,4.08,21.2,1.1,4.12,21.46
2011-06-21 18:46:42.106627868,United States,Switzerland,1,4,1.98,4.08,5.18,2.0,4.19,5.07
2011-06-21 20:25:45.370967253,Belgium,Iran,2,1,1.27,4.08,21.2,1.28,4.03,21.43
2011-06-24 04:55:06.359225311,Japan,United States,1,1,1.92,4.08,5.61,1.93,4.07,5.66
2011-06-24 13:25:44.281825830,Egypt,France,0,1,12.14,4.08,1.62,12.11,4.12,1.59
2011-06-25 02:01:33.328938338,Portugal,Indonesia,2,1,1.11,4.08,21.2,1.08,3.99,21.17
2011-06-25 15:35:58.210823894,France,Senegal,2,0,1.25,4.08,21.2,1.22,4.03,21.67
2011-09-17 10:23:50.485042314,Germany,Belgium,1,3,2.04,4.08,4.81,2.1,4.2,4.76
2011-09-17 16:31:10.118958476,DR Congo,Spain,0,3,21.2,4.08,1.51,20.82,4.19,1.54
2011-09-18 07:49:25.807185315,Slovakia,Ivory Coast,1,2,2.63,4.08,3.14,2.59,4.09,3.07
2011-09-18 07:55:58.702975765,Norway,Costa Rica,1,0,1.13,4.08,21.2,1.15,4.17,21.15
2011-09-18 16:10:42.097783178,Venezuela,Argentina,0,1,21.2,4.08,1.48,21.58,4.02,1.52
2011-09-19 18:50:19.072150439,Bolivia,Nigeria,1,1,3.13,4.08,2.64,3.06,4.15,2.56
2011-09-20 04:53:57.170900278,Venezuela,Slovakia,0,0,4.52,4.08,2.1,4.43,4.01,2.12
2011-09-21 11:49:20.757484589,Honduras,Iraq,1,2,4.37,4.08,2.13,4.24,4.19,2.12
2011-12-03 08:56:31.323181261,Ivory Coast,Croatia,3,3,5.5,4.08,1.94,5.59,4.14,1.99
2011-12-03 11:48:16.771894872,England,Belgium,0,0,1.59,4.08,14.71,1.64,4.13,15.1
2011-12-03 17:05:16.068152358,Indonesia,Austria,2,2,6.22,4.08,1.86,6.24,4.02,1.84
2011-12-05 18:08:28.351104837,Trinidad and Tobago,Slovakia,0,1,7.06,4.08,1.8,7.07,4.15,1.79
2011-12-06 04:25:31.694768389,Cuba,Algeria,1,1,4.12,4.08,2.2,4.23,4.11,2.23
2011-12-06 10:11:05.883943421,Curaçao,England,4,2,21.2,4.08,1.46,20.82,4.01,1.48
2011-12-06 20:44:27.269843396,Netherlands,Qatar,3,0,1.08,4.08,21.2,1.06,4.09,21.68
2011-12-08 20:06:31.763702638,Jordan,Austria,1,3,9.32,4.08,1.69,9.17,4.12,1.73
2012-02-27 17:05:06.166420314,Chile,Scotland,2,3,2.85,4.08,2.88,2.9,4.19,2.96
2012-02-27 19:51:52.283567647,Iraq,Chile,3,1,1.47,4.08,21.2,1.46,4.07,21.18
2012-03-01 15:02:08.139942548,France,Saudi Arabia,2,1,1.14,4.08,21.2,1.16,3.98,21.41
2012-03-02 01:28:08.433303346,Trinidad and Tobago,France,1,0,21.2,4.08,1.44,20.95,4.13,1.48
2012-03-02 22:31:50.790919866,Chile,Paraguay,0,0,3.04,4.08,2.71,2.97,4.02,2.64
2012-03-04 07:48:37.019486130,Curaçao,France,1,2,21.2,4.08,1.47,21.17,4.07,1.44
2012-03-05 04:07:23.300316569,Uzbekistan,Austria,0,3,2.91,4.08,2.82,2.93,4.15,2.87
2012-03-05 08:02:41.759611861,Argentina,Canada,2,1,1.12,4.08,21.2,1.09,4.14,21.45
2012-05-20 21:59:11.401149280,Panama,South Africa,0,1,3.18,4.08,2.6,3.17,4.04,2.61
2012-05-22 07:05:04.189287866,Egypt,Nigeria,3,1,1.86,4.08,6.19,1.81,4.2,6.22
2012-05-22 17:43:58.425540438,Bolivia,Canada,0,1,4.65,4.08,2.07,4.69,3.96,2.1
2012-05-24 01:38:37.456307628,Spain,Kenya,1,0,1.09,4.08,21.2,1.07,4.18,20.8
2012-05-25 04:56:35.362293290,Australia,United States,1,3,2.75,4.08,2.98,2.83,4.16,2.92
2012-05-26 13:24:51.373492075,England,France,1,3,2.49,4.08,3.37,2.51,4.19,3.46
2012-05-26 17:49:46.421197405,Chile,DR Congo,2,0,2.03,4.08,4.85,1.99,4.18,4.78
2012-05-27 09:05:36.777271574,Saudi Arabia,Uruguay,1,0,8.04,4.08,1.74,8.24,4.06,1.75
2012-08-17 03:15:54.598768847,Uruguay,Morocco,0,3,2.35,4.08,3.66,2.3,4.11,3.65
2012-08-19 18:23:37.632112393,Ecuador,Iran,0,2,1.35,4.08,21.2,1.31,4.05,20.97
2012-08-20 11:39:23.601316365,Colombia,United States,3,0,1.77,4.08,7.55,1.75,4.03,7.33
2012-08-21 13:25:23.881030394,Chile,Jordan,1,1,2.64,4.08,3.13,2.66,4.03,3.14
2012-08-21 14:23:58.625579674,Mexico,Slovakia,2,1,1.35,4.08,21.2,1.34,4.16,20.98
2012-08-21 17:44:59.623005296,Spain,Algeria,4,0,1.12,4.08,21.2,1.1,4.03,21.82
2012-08-21 21:07:07.689428700,Iraq,Senegal,2,2,4.16,4.08,2.18,4.12,4.07,2.24
2012-08-21 21:59:35.743051957,Australia,Ivory Coast,1,0,1.51,4.08,21.2,1.55,4.0,20.84
2012-11-04 17:35:02.451004343,Turkey,Austria,0,1,2.77,4.08,2.96,2.82,4.19,3.02
2012-11-05 08:51:28.108464761,Cabo Verde,Tunisia,0,1,4.61,4.08,2.08,4.48,4.0,2.11
2012-11-05 12:46:18.924370951,Algeria,Spain,1,4,21.2,4.08,1.5,21.3,3.99,1.5
2012-11-06 11:46:48.628310699,Senegal,Curaçao,3,2,1.11,4.08,21.2,1.12,4.12,20.78
2012-11-07 00:15:34.022424745,Germany,Iraq,2,0,1.15,4.08,21.2,1.13,4.02,21.43
2012-11-07 13:04:11.497909321,Indonesia,Austria,1,2,7.44,4.08,1.77,7.47,4.02,1.81
2012-11-09 17:22:10.000825440,Algeria,Chile,2,2,2.3,4.08,3.81,2.34,4.11,3.81
2012-11-12 01:57:59.690314976,Tunisia,Mexico,0,4,4.95,4.08,2.02,4.86,4.04,1.99
2013-01-16 03:23:00.510366693,Colombia,Peru,0,1,1.27,4.08,21.2,1.25,3.97,20.85
2013-01-16 07:03:51.531427717,Sweden,Bolivia,1,1,1.27,4.08,21.2,1.26,4.14,21.64
2013-01-17 03:19:28.470346261,France,Netherlands,2,2,1.57,4.08,16.54,1.58,4.03,16.86
2013-01-20 06:04:15.819553198,Ivory Coast,New Zealand,1,1,1.42,4.08,21.2,1.42,4.08,21.7
2013-01-21 15:08:42.766450379,Egypt,United States,2,3,3.49,4.08,2.43,3.51,4.07,2.43
2013-01-22 21:55:51.241675422,Iraq,Argentina,0,0,17.95,4.08,1.56,17.62,4.05,1.59
2013-01-25 10:37:43.817962266,Saudi Arabia,Kenya,3,1,1.4,4.08,21.2,1.36,3.98,21.64
2013-01-27 07:12:34.695253559,Haiti,Qatar,1,1,2.18,4.08,4.18,2.16,4.05,4.27
2013-03-26 02:24:41.227871225,Ecuador,Japan,0,3,4.84,4.08,2.04,4.98,4.1,2.07
2013-03-26 16:42:44.687349705,Haiti,DR Congo,0,3,4.11,4.08,2.2,4.18,4.16,2.25
2013-03-27 00:27:12.194051879,Costa Rica,Bolivia,1,0,3.13,4.08,2.64,3.09,4.17,2.66
2013-03-27 20:31:10.527124314,Indonesia,Mexico,0,3,12.99,4.08,1.61,12.78,3.96,1.57
2013-03-28 04:47:34.603308292,Australia,Bolivia,0,1,1.52,4.08,21.2,1.51,4.0,20.81
2013-03-28 10:50:02.291028431,United States,Qatar,1,0,1.11,4.08,21.2,1.13,4.08,21.77
2013-03-28 14:05:36.719528873,DR Congo,Bosnia and Herzegovina,0,0,1.58,4.08,15.0,1.61,3.97,15.43
2013-03-29 01:08:34.884045347,Indonesia,Bolivia,2,2,2.22,4.08,4.05,2.18,4.08,4.1
2013-06-11 15:40:51.825548156,Bolivia,Uruguay,2,2,21.13,4.08,1.54,21.1,4.16,1.58
2013-06-15 05:30:54.785762754,Morocco,Slovakia,3,2,1.3,4.08,21.2,1.3,3.99,21.65
2013-06-16 04:43:38.579464163,Cuba,Netherlands,0,5,21.2,4.08,1.46,21.13,3.99,1.48
2013-06-16 17:07:52.851210978,Canada,Bolivia,2,2,1.47,4.08,21.2,1.51,4.14,21.3
2013-06-17 10:58:06.360060384,Scotland,Brazil,0,2,12.72,4.08,1.61,12.73,3.96,1.6
2013-06-17 12:36:54.871496906,Iraq,Paraguay,0,0,2.07,4.08,4.67,2.01,3.98,4.73
2013-06-18 18:35:56.073018175,Canada,Kenya,3,1,1.33,4.08,21.2,1.31,4.04,21.18
2013-06-19 20:23:48.955806884,Haiti,Sweden,1,1,10.14,4.08,1.67,10.14,3.98,1.63
2013-08-21 08:42:10.086732544,South Africa,Indonesia,1,2,1.51,4.08,21.2,1.55,3.96,20.58
2013-08-21 14:23:05.030063274,France,Czechia,3,1,1.12,4.08,21.2,1.13,3.96,21.36
2013-08-21 22:13:22.004802280,Kenya,Curaçao,1,2,1.89,4.08,5.88,1.86,4.02,5.99
2013-08-22 05:49:26.660019934,Haiti,Paraguay,1,3,4.3,4.08,2.15,4.18,4.16,2.18
2013-08-23 03:26:07.592510503,Switzerland,Turkey,1,2,1.65,4.08,10.88,1.65,4.13,11.01
2013-08-23 10:54:50.189714366,Bolivia,Belgium,1,1,16.28,4.08,1.57,15.87,4.11,1.61
2013-08-23 14:34:08.043196714,Canada,Panama,1,0,1.28,4.08,21.2,1.25,3.97,20.66
2013-08-24 13:10:30.839680774,Indonesia,Ghana,2,0,3.09,4.08,2.67,3.18,4.04,2.62
2013-10-27 14:37:36.025582308,South Korea,Uzbekistan,2,0,1.88,4.08,5.97,1.85,4.06,6.02
2013-10-28 18:31:31.799768351,Switzerland,Nigeria,0,0,2.05,4.08,4.77,2.01,4.15,4.73
2013-10-29 04:47:02.497971625,Venezuela,Ghana,0,1,3.43,4.08,2.46,3.39,4.11,2.48
2013-10-29 07:41:56.847838608,Morocco,Venezuela,1,2,1.16,4.08,21.2,1.17,4.17,21.34
2013-10-29 18:58:03.943683531,Ecuador,Argentina,0,3,10.51,4.08,1.66,10.72,3.97,1.69
2013-10-30 09:10:51.259075747,South Korea,Norway,1,1,3.51,4.08,2.42,3.49,4.06,2.46
2013-11-01 01:59:34.906165906,South Korea,Turkey,0,0,2.09,4.08,4.54,2.06,4.16,4.62
2013-11-03 19:34:51.685830476,Bosnia and Herzegovina,Curaçao,1,2,2.24,4.08,3.97,2.21,4.17,3.93
2014-01-29 04:25:21.865115996,Iraq,Qatar,1,0,1.32,4.08,21.2,1.29,4.11,21.58
2014-01-31 08:23:14.770811073,Slovakia,Austria,0,3,4.67,4.08,2.07,4.66,4.16,2.05
2014-02-01 18:14:57.443465597,Bosnia and Herzegovina,Croatia,2,5,19.88,4.08,1.54,20.39,3.98,1.57
2014-02-02 07:42:50.766467727,Saudi Arabia,Chile,2,1,1.85,4.08,6.33,1.87,3.99,6.29
2014-02-03 13:58:49.373071368,South Africa,Slovakia,1,2,2.44,4.08,3.47,2.4,4.18,3.53
2014-02-03 14:51:56.707168476,Croatia,Honduras,4,0,1.13,4.08,21.2,1.11,4.12,20.96
2014-02-06 07:01:00.272214245,DR Congo,Curaçao,6,1,1.61,4.08,12.81,1.6,4.0,13.06
2014-02-07 23:57:50.284855666,Croatia,Bolivia,4,0,1.16,4.08,21.2,1.15,4.17,21.83
2014-04-24 11:00:18.334910516,Panama,Slovakia,0,3,6.22,4.08,1.86,6.28,4.01,1.86
2014-04-25 21:23:29.351706644,Algeria,Slovakia,1,3,3.66,4.08,2.35,3.75,4.15,2.37
2014-04-25 23:43:52.826579022,Brazil,Morocco,4,1,1.66,4.08,10.51,1.65,4.19,10.41
2014-04-27 00:09:16.447236004,Saudi Arabia,Panama,1,0,1.5,4.08,21.2,1.51,4.11,21.03
2014-04-27 06:43:58.147679880,Cuba,Cabo Verde,0,2,3.19,4.08,2.6,3.28,4.15,2.67
2014-04-27 16:44:23.233408386,France,Cabo Verde,1,1,1.11,4.08,21.2,1.14,4.03,21.75
2014-04-28 10:18:43.106532487,Uruguay,Spain,2,2,4.98,4.08,2.01,4.96,4.2,2.01
2014-04-28 22:59:38.951522471,Chile,Bolivia,0,2,2.93,4.08,2.8,2.97,4.11,2.78
2014-07-02 16:06:18.117952503,South Africa,Norway,0,0,8.47,4.08,1.72,8.47,4.0,1.69
2014-07-03 00:23:41.608690911,Algeria,Portugal,0,3,20.21,4.08,1.54,20.58,4.07,1.58
2014-07-03 16:36:20.076500478,Ivory Coast,Germany,2,5,9.24,4.08,1.7,9.34,4.02,1.69
2014-07-04 07:42:59.640071489,Croatia,Jordan,2,0,1.22,4.08,21.2,1.25,4.16,21.07
2014-07-07 21:23:11.851459173,Spain,Bolivia,4,1,1.08,4.08,21.2,1.1,4.15,21.11
2014-07-09 08:05:36.037988022,DR Congo,United States,1,3,9.57,4.08,1.68,9.74,3.99,1.66
2014-07-10 02:59:06.261622743,Ecuador,Sweden,2,2,1.85,4.08,6.29,1.87,4.11,6.33
2014-07-11 04:06:24.709864306,Canada,Turkey,0,4,2.5,4.08,3.36,2.5,3.96,3.4
2014-09-27 15:23:28.696090373,Honduras,South Korea,0,1,10.04,4.08,1.67,9.89,4.19,1.7
2014-09-29 06:29:34.196487848,Cuba,Tunisia,1,1,7.52,4.08,1.77,7.52,4.16,1.79
2014-09-30 16:19:30.929846315,Japan,Indonesia,3,2,1.16,4.08,21.2,1.19,4.05,20.99
2014-09-30 22:57:17.757591499,Nigeria,United States,1,1,2.52,4.08,3.32,2.56,4.11,3.4
2014-10-01 10:45:05.503490237,Bosnia and Herzegovina,Cabo Verde,1,2,2.92,4.08,2.81,2.89,4.11,2.85
2014-10-01 15:22:46.480861914,Curaçao,Slovakia,2,1,4.05,4.08,2.22,4.12,4.03,2.17
2014-10-01 15:44:27.029543971,Egypt,Portugal,0,3,8.65,4.08,1.72,8.46,3.98,1.73
2014-10-02 00:10:36.873073517,Iran,Jordan,1,1,1.62,4.08,12.65,1.65,4.0,12.37
2014-12-15 17:48:16.496781688,Venezuela,New Zealand,2,1,1.45,4.08,21.2,1.42,3.99,21.38
2014-12-16 00:01:15.181846168,Czechia,South Africa,0,1,1.87,4.08,6.11,1.84,4.01,6.29
2014-12-16 13:23:29.343506372,Germany,Costa Rica,4,1,1.11,4.08,21.2,1.13,4.15,21.63
2014-12-17 00:40:32.519913801,Honduras,Australia,0,5,10.11,4.08,1.67,10.33,3.97,1.7
2014-12-18 22:57:58.307078703,New Zealand,Indonesia,1,3,2.8,4.08,2.93,2.77,4.13,2.95
2014-12-21 00:02:49.495031186,Iraq,Bolivia,2,1,2.21,4.08,4.07,2.15,4.17,3.96
2014-12-21 02:47:06.033362736,Japan,Norway,2,6,2.13,4.08,4.38,2.08,4.11,4.35
2014-12-21 12:43:50.625702754,England,Jordan,4,0,1.2,4.08,21.2,1.23,4.18,21.09
2015-03-12 09:29:17.922419994,Egypt,Chile,1,1,1.56,4.08,17.36,1.59,4.18,17.56
2015-03-13 03:18:01.328858647,Tunisia,Chile,1,2,1.82,4.08,6.76,1.77,4.17,6.84
2015-03-13 07:56:10.259513548,Cuba,Portugal,0,0,21.2,4.08,1.47,21.17,3.99,1.46
2015-03-14 11:41:22.260617839,Portugal,Curaçao,1,0,1.08,4.08,21.2,1.07,4.01,21.14
2015-03-14 17:31:43.876246285,Ecuador,Costa Rica,3,0,1.29,4.08,21.2,1.27,4.1,21.52
2015-03-15 13:53:07.420160867,Bosnia and Herzegovina,Uruguay,0,1,11.53,4.08,1.64,11.39,4.04,1.63
2015-03-15 19:28:47.928202660,Norway,Bolivia,1,0,1.17,4.08,21.2,1.14,4.16,21.62
2015-03-16 06:01:15.947173464,Canada,Algeria,1,0,1.64,4.08,11.42,1.61,4.08,11.62
2015-06-02 01:37:07.431397109,Senegal,Saudi Arabia,0,1,1.31,4.08,21.2,1.33,4.08,21.14
2015-06-03 03:45:21.711788187,Panama,Paraguay,1,4,7.86,4.08,1.75,7.66,4.04,1.76
2015-06-04 02:22:43.245551100,Algeria,Scotland,1,1,2.83,4.08,2.9,2.79,4.19,2.83
2015-06-05 08:35:16.590332929,Mexico,Ghana,1,1,1.22,4.08,21.2,1.25,4.02,21.37
2015-06-06 11:03:30.054043087,Jordan,Peru,0,0,3.13,4.08,2.64,3.12,4.19,2.63
2015-06-07 00:34:39.287803379,England,Egypt,4,1,1.21,4.08,21.2,1.23,4.2,21.05
2015-06-07 22:49:14.714866530,Trinidad and Tobago,Canada,0,1,15.95,4.08,1.57,15.8,4.02,1.54
2015-06-08 14:30:12.765239933,Slovakia,DR Congo,2,0,1.7,4.08,9.13,1.72,4.1,9.14
2015-08-13 11:54:02.488266167,Switzerland,Jordan,1,0,1.28,4.08,21.2,1.32,4.19,21.09
2015-08-14 13:39:46.960098073,Ecuador,New Zealand,0,0,1.22,4.08,21.2,1.23,4.08,20.76
2015-08-15 05:50:14.825816133,Jordan,Haiti,1,2,1.29,4.08,21.2,1.27,4.07,21.69
2015-08-15 13:55:56.396336637,Uzbekistan,Kenya,1,2,1.22,4.08,21.2,1.25,4.05,20.57
2015-08-15 15:58:34.610403536,Ghana,Costa Rica,3,2,1.36,4.08,21.2,1.34,4.13,21.75
2015-08-15 17:58:09.524943563,Kenya,Switzerland,1,1,15.0,4.08,1.58,14.79,4.02,1.57
2015-08-15 22:03:27.674243403,Ivory Coast,Belgium,2,0,9.98,4.08,1.67,9.88,4.14,1.63
2015-08-16 01:30:50.710201628,Norway,Ghana,1,1,1.29,4.08,21.2,1.29,4.14,20.72
2015-10-28 19:59:32.145556314,Qatar,Indonesia,0,0,2.14,4.08,4.35,2.11,3.96,4.47
2015-10-29 12:56:23.704259758,Uruguay,Colombia,2,1,2.11,4.08,4.45,2.16,4.15,4.51
2015-10-29 14:32:17.665533752,Morocco,Jordan,0,1,1.29,4.08,21.2,1.29,4.15,21.27
2015-10-30 00:33:25.242584365,Trinidad and Tobago,Algeria,1,1,5.94,4.08,1.89,5.88,4.01,1.86
2015-10-30 04:29:43.066215624,New Zealand,Cabo Verde,0,1,2.31,4.08,3.77,2.29,3.99,3.85
2015-10-30 05:44:05.817090258,DR Congo,Brazil,0,5,21.2,4.08,1.53,21.77,3.96,1.54
2015-10-30 19:49:16.990802636,Morocco,Iran,4,1,1.37,4.08,21.2,1.35,4.12,21.55
2015-10-31 11:47:14.324718612,Panama,Qatar,1,2,1.99,4.08,5.1,2.02,4.06,5.24
2016-01-09 11:49:05.135725721,Turkey,Jordan,1,1,1.48,4.08,21.2,1.45,4.08,21.37
2016-01-11 19:03:05.888161566,Uzbekistan,Qatar,1,1,1.21,4.08,21.2,1.2,3.96,21.62
2016-01-12 00:30:24.188760476,Germany,Jordan,1,0,1.19,4.08,21.2,1.22,4.12,21.06
2016-01-12 14:28:44.475106071,England,Norway,2,1,1.53,4.08,21.2,1.51,3.96,21.22
2016-01-13 17:12:00.851166219,Croatia,New Zealand,1,0,1.23,4.08,21.2,1.2,3.98,21.19
2016-01-15 18:40:17.133496704,Senegal,Chile,2,1,1.27,4.08,21.2,1.27,4.12,21.56
2016-01-16 05:59:21.542036868,United States,Nigeria,0,0,1.64,4.08,11.31,1.64,4.11,11.38
2016-01-16 18:48:45.219344765,Morocco,Slovakia,2,0,1.18,4.08,21.2,1.21,4.11,21.36
2016-04-05 19:08:26.210272879,Tunisia,Slovakia,0,1,1.53,4.08,21.2,1.53,4.16,21.74
2016-04-06 02:41:31.285711755,New Zealand,Portugal,0,6,21.2,4.08,1.53,20.99,4.03,1.56
2016-04-06 03:08:54.032194048,Cabo Verde,Peru,1,2,3.57,4.08,2.39,3.67,4.01,2.34
2016-04-06 12:51:44.025150152,Portugal,Norway,3,0,1.47,4.08,21.2,1.49,4.0,21.38
2016-04-07 11:36:38.273401975,Austria,France,1,3,9.99,4.08,1.67,10.15,4.03,1.7
2016-04-08 22:03:09.482350393,Portugal,New Zealand,1,0,1.11,4.08,21.2,1.08,4.12,21.47
2016-04-09 00:11:18.838912960,Tunisia,Egypt,3,1,1.77,4.08,7.44,1.79,3.96,7.46
2016-04-09 15:58:21.860231923,Curaçao,Morocco,0,0,21.2,4.08,1.48,21.37,4.1,1.48
2016-06-30 14:15:52.356867847,Chile,Sweden,0,2,5.64,4.08,1.92,5.7,4.19,1.95
2016-07-01 10:30:51.753930598,Brazil,England,1,0,2.49,4.08,3.37,2.43,4.03,3.29
2016-07-02 06:50:38.405092807,Germany,Sweden,1,2,1.54,4.08,20.4,1.51,4.02,20.6
2016-07-03 07:45:07.953921595,Uzbekistan,New Zealand,1,0,1.43,4.08,21.2,1.47,4.03,21.2
2016-07-03 10:37:30.988891923,England,Tunisia,1,0,1.15,4.08,21.2,1.16,4.02,20.6
2016-07-04 15:03:17.146464461,Mexico,Costa Rica,3,1,1.13,4.08,21.2,1.11,3.96,21.52
2016-07-05 00:50:38.602828434,Kenya,United States,0,3,14.97,4.08,1.58,14.74,4.13,1.53
2016-07-05 20:11:11.674466854,Norway,Iran,1,3,1.4,4.08,21.2,1.43,3.96,21.19
2016-09-17 01:32:56.784050082,Indonesia,Haiti,2,3,1.89,4.08,5.95,1.92,4.04,6.1
2016-09-17 03:01:41.496297115,Chile,Trinidad and Tobago,1,0,1.37,4.08,21.2,1.36,4.15,21.77
2016-09-17 20:49:14.372330228,Czechia,Belgium,0,3,19.04,4.08,1.55,19.39,3.97,1.52
2016-09-18 21:54:45.623048802,Ghana,United States,0,4,3.94,4.08,2.25,4.02,4.2,2.21
2016-09-19 16:25:51.111011018,Iraq,Ecuador,0,6,5.15,4.08,1.98,5.13,4.17,1.99
2016-09-19 18:57:31.170852321,Honduras,Belgium,1,1,18.92,4.08,1.55,19.24,4.02,1.55
2016-09-20 12:27:21.034629817,Honduras,Qatar,0,0,1.72,4.08,8.64,1.69,4.18,8.44
2016-09-20 14:00:36.410303919,Tunisia,Portugal,0,6,7.12,4.08,1.79,7.29,4.06,1.77
2016-12-04 02:01:48.011919975,Venezuela,Uzbekistan,3,1,2.33,4.08,3.72,2.39,3.96,3.78
2016-12-06 04:38:25.934237498,Colombia,Venezuela,0,0,1.22,4.08,21.2,1.24,4.01,20.82
2016-12-07 01:51:05.590265591,Bolivia,England,0,3,21.2,4.08,1.51,20.97,4.04,1.49
2016-12-07 13:52:09.645732493,Australia,South Korea,3,3,2.2,4.08,4.11,2.16,4.01,4.1
2016-12-09 18:37:09.473177535,Brazil,Nigeria,1,0,1.31,4.08,21.2,1.32,4.15,21.44
2016-12-10 06:04:42.312924798,Paraguay,Morocco,1,1,7.17,4.08,1.79,7.23,4.02,1.75
2016-12-10 06:19:24.322030215,Croatia,Algeria,2,0,1.19,4.08,21.2,1.17,4.16,21.25
2016-12-10 12:45:14.223161514,Belgium,Egypt,2,1,1.34,4.08,21.2,1.34,4.19,20.58
2017-02-07 01:40:26.809955303,Argentina,Uruguay,2,0,1.41,4.08,21.2,1.44,4.2,20.81
2017-02-07 08:10:06.778386684,Australia,Cabo Verde,2,0,1.42,4.08,21.2,1.41,4.12,21.77
2017-02-08 01:45:31.982809784,Curaçao,Kenya,0,0,2.48,4.08,3.39,2.52,4.06,3.4
2017-02-08 16:11:44.396811179,Egypt,England,0,5,6.95,4.08,1.8,6.9,4.09,1.8
2017-02-10 04:59:14.408379441,Austria,Sweden,3,2,1.88,4.08,6.0,1.83,4.09,5.82
2017-02-10 15:35:55.160067766,Ghana,Germany,2,2,7.14,4.08,1.79,7.19,4.04,1.84
2017-02-12 03:13:56.080350164,Portugal,Honduras,7,1,1.1,4.08,21.2,1.13,4.09,21.59
2017-02-12 11:36:41.619143938,Bolivia,Morocco,2,2,16.54,4.08,1.57,16.62,4.1,1.6
2017-04-26 06:45:09.562550488,Algeria,Switzerland,0,3,5.43,4.08,1.95,5.32,4.09,1.92
2017-04-26 13:56:35.790570939,Iran,Ghana,0,1,1.73,4.08,8.42,1.76,4.18,8.5
2017-04-26 14:00:08.500398686,Ecuador,Iraq,2,3,1.31,4.08,21.2,1.3,4.1,21.36
2017-04-27 00:46:46.313839657,Iraq,Czechia,0,1,2.42,4.08,3.5,2.38,4.15,3.49
2017-04-27 09:33:24.630326233,Croatia,Iran,0,1,1.43,4.08,21.2,1.39,4.13,21.67
2017-05-01 01:53:34.327606388,Netherlands,Trinidad and Tobago,5,0,1.07,4.08,21.2,1.04,4.01,20.67
2017-05-02 22:59:15.569125381,Ecuador,Costa Rica,0,0,1.15,4.08,21.2,1.16,4.06,21.34
2017-05-03 05:58:23.311186724,Sweden,Brazil,1,3,2.2,4.08,4.1,2.18,4.08,3.99
2017-07-16 15:48:18.305697195,Croatia,Nigeria,1,2,1.48,4.08,21.2,1.47,3.97,20.99
2017-07-16 19:27:56.861673081,Chile,Portugal,0,4,20.67,4.08,1.54,21.09,4.1,1.52
2017-07-17 07:09:29.113523417,Portugal,Japan,3,1,1.92,4.08,5.68,1.92,4.09,5.75
2017-07-17 10:18:18.793722361,Colombia,England,1,1,3.85,4.08,2.28,3.76,4.19,2.35
2017-07-17 20:58:02.445571171,New Zealand,Sweden,2,2,8.27,4.08,1.73,8.18,4.14,1.73
2017-07-18 00:31:31.887506460,Japan,Switzerland,0,5,1.73,4.08,8.3,1.75,4.19,8.31
2017-07-19 02:35:09.539267177,Germany,Honduras,1,1,1.1,4.08,21.2,1.07,4.17,21.72
2017-07-19 23:29:54.484561123,Haiti,Honduras,1,2,3.03,4.08,2.72,3.07,3.96,2.72
2017-10-02 18:25:25.209552068,Indonesia,Canada,1,0,5.92,4.08,1.89,6.05,4.11,1.85
2017-10-03 12:09:41.392353773,Switzerland,Scotland,1,1,1.36,4.08,21.2,1.39,4.1,20.68
2017-10-03 21:50:26.284388694,Uruguay,Bolivia,0,0,1.21,4.08,21.2,1.2,4.01,21.08
2017-10-04 05:35:19.103166189,Scotland,Kenya,5,0,1.46,4.08,21.2,1.5,4.04,21.06
2017-10-04 06:19:56.899176306,Cabo Verde,Colombia,2,2,15.47,4.08,1.58,15.92,4.19,1.6
2017-10-04 11:53:22.956945622,Ecuador,Netherlands,1,2,5.26,4.08,1.97,5.36,4.14,1.94
2017-10-05 17:24:40.575368320,Brazil,Iraq,1,1,1.15,4.08,21.2,1.17,4.07,21.19
2017-10-06 05:18:45.877946788,Switzerland,United States,4,3,2.09,4.08,4.56,2.11,4.13,4.67
2017-12-23 23:57:22.832528893,Tunisia,Algeria,2,0,2.15,4.08,4.28,2.18,4.11,4.34
2017-12-24 06:37:33.613638922,Chile,Ghana,1,0,2.25,4.08,3.95,2.29,4.06,3.95
2017-12-25 21:03:19.714340311,Haiti,Sweden,0,3,21.2,4.08,1.52,21.24,4.15,1.54
2017-12-26 18:42:45.558883597,Canada,Algeria,2,1,1.37,4.08,21.2,1.37,4.15,21.55
2017-12-26 21:32:29.602285483,Scotland,Iran,0,0,3.23,4.08,2.58,3.27,4.0,2.55
2017-12-27 02:08:31.044250980,Jordan,Argentina,1,3,21.2,4.08,1.53,21.39,4.03,1.54
2017-12-27 03:22:48.604966098,Curaçao,Brazil,0,3,21.2,4.08,1.47,21.51,4.16,1.47
2017-12-27 11:40:19.112496202,Curaçao,Bolivia,0,2,4.58,4.08,2.09,4.57,4.05,2.12
2018-03-07 16:05:15.612685248,Ghana,Senegal,0,2,6.58,4.08,1.83,6.67,3.99,1.88
2018-03-08 04:55:10.615006618,Peru,Paraguay,0,0,2.06,4.08,4.69,2.06,4.15,4.61
2018-03-08 17:27:40.598266759,Ivory Coast,Mexico,0,0,3.83,4.08,2.29,3.85,4.03,2.36
2018-03-11 10:03:16.646418328,South Africa,Ghana,1,1,2.09,4.08,4.55,2.14,4.07,4.43
2018-03-12 01:44:12.752255490,Croatia,Algeria,1,1,1.23,4.08,21.2,1.24,4.16,20.89
2018-03-13 11:03:44.146981620,Czechia,Brazil,0,0,16.21,4.08,1.57,16.13,4.04,1.57
2018-03-13 11:06:20.574880809,Germany,Slovakia,4,1,1.19,4.08,21.2,1.16,4.2,21.4
2018-03-13 16:32:07.598140583,Trinidad and Tobago,Bosnia and Herzegovina,1,1,2.87,4.08,2.86,2.93,4.09,2.87
2018-05-27 12:13:05.237481702,Qatar,Costa Rica,0,0,2.35,4.08,3.67,2.3,4.1,3.71
2018-05-27 16:27:17.674803213,Saudi Arabia,Czechia,0,1,2.21,4.08,4.06,2.18,4.02,3.99
2018-05-30 00:49:29.918036774,Indonesia,Turkey,2,1,5.11,4.08,1.99,5.17,4.11,1.94
2018-05-30 15:56:20.943426943,Colombia,Senegal,2,0,1.93,4.08,5.58,1.92,4.17,5.62
2018-05-30 22:04:38.173259656,Bosnia and Herzegovina,Egypt,1,3,7.46,4.08,1.77,7.6,4.07,1.79
2018-05-31 05:56:18.639884113,Iraq,Croatia,1,1,12.83,4.08,1.61,12.71,4.07,1.57
2018-06-02 03:47:05.820710881,Panama,DR Congo,3,2,3.36,4.08,2.5,3.46,4.04,2.55
2018-06-02 17:27:10.710318707,Curaçao,Czechia,0,1,5.6,4.08,1.92,5.5,4.09,1.94
2018-08-10 18:07:52.205673806,South Korea,Egypt,2,1,1.56,4.08,18.14,1.6,4.03,18.23
2018-08-12 22:37:59.426209772,Ghana,Cabo Verde,0,0,1.66,4.08,10.31,1.67,4.14,10.19
2018-08-14 02:02:51.766839985,Turkey,United States,2,0,2.82,4.08,2.91,2.85,4.1,2.96
2018-08-14 09:06:21.513714384,Australia,Iran,1,1,2.03,4.08,4.89,1.97,4.15,4.91
2018-08-15 02:07:58.469545561,Czechia,Paraguay,1,2,2.99,4.08,2.75,3.02,4.18,2.68
2018-08-15 11:46:43.169996417,DR Congo,Morocco,0,1,16.87,4.08,1.57,16.77,4.16,1.61
2018-08-16 08:01:19.548253349,Netherlands,South Africa,2,1,1.18,4.08,21.2,1.2,4.16,20.57
2018-08-16 11:55:59.531400129,Honduras,Argentina,0,0,21.2,4.08,1.48,20.87,4.18,1.52
2018-10-20 03:11:31.298916067,Morocco,Scotland,1,2,1.17,4.08,21.2,1.15,4.17,20.68
2018-10-21 08:18:17.588261573,Venezuela,Switzerland,0,1,5.29,4.08,1.96,5.18,4.15,2.0
2018-10-21 08:36:52.202349529,Haiti,Egypt,0,0,6.51,4.08,1.84,6.68,3.98,1.85
2018-10-21 15:35:48.151459899,Cabo Verde,Peru,0,2,2.67,4.08,3.1,2.66,4.07,3.12
2018-10-22 11:55:09.871454037,Bosnia and Herzegovina,Iraq,0,2,5.09,4.08,1.99,5.22,4.19,2.0
2018-10-22 16:54:09.283165649,Tunisia,Venezuela,2,2,1.51,4.08,21.2,1.52,4.14,21.48
2018-10-23 16:29:39.046412417,Indonesia,Argentina,0,2,21.2,4.08,1.5,21.58,3.98,1.51
2018-10-23 22:04:15.725778011,Croatia,Qatar,1,1,1.1,4.08,21.2,1.12,4.01,21.41
2019-01-04 10:56:56.061758919,Tunisia,Netherlands,1,1,8.67,4.08,1.72,8.43,4.13,1.72
2019-01-04 14:13:08.741738144,Colombia,Belgium,0,3,2.92,4.08,2.81,2.95,4.03,2.79
2019-01-05 18:45:10.490444262,Bosnia and Herzegovina,Honduras,2,2,2.5,4.08,3.36,2.45,4.04,3.29
2019-01-06 02:26:46.971277010,Spain,Iran,1,0,1.25,4.08,21.2,1.28,4.07,20.7
2019-01-06 07:35:53.048963014,Bosnia and Herzegovina,Ecuador,0,3,9.97,4.08,1.67,10.17,4.19,1.68
2019-01-08 12:43:23.968602916,Jordan,Spain,2,4,18.85,4.08,1.55,18.58,4.14,1.58
2019-01-08 17:31:34.865156025,Bosnia and Herzegovina,Czechia,1,1,3.62,4.08,2.37,3.65,4.09,2.4
2019-01-08 23:09:14.556394973,Haiti,Saudi Arabia,0,2,8.93,4.08,1.71,8.82,4.15,1.74
2019-04-10 13:05:41.955490434,Indonesia,Netherlands,0,5,15.74,4.08,1.58,15.39,4.04,1.62
2019-04-10 21:47:26.106954503,Turkey,Spain,2,3,6.61,4.08,1.83,6.43,4.08,1.84
2019-04-10 23:13:20.426758433,Mexico,Venezuela,3,1,1.25,4.08,21.2,1.25,4.05,20.7
2019-04-11 18:41:34.830838310,Senegal,Switzerland,0,2,2.27,4.08,3.89,2.29,4.16,3.85
2019-04-12 15:46:25.365260858,Senegal,Ecuador,0,1,1.76,4.08,7.61,1.8,3.98,7.53
2019-04-13 08:56:28.528955794,Argentina,Cabo Verde,1,1,1.1,4.08,21.2,1.1,3.97,21.06
2019-04-14 02:12:03.438874070,Ghana,Venezuela,1,1,1.47,4.08,21.2,1.49,4.2,20.98
2019-04-14 08:08:12.563122869,Chile,Senegal,0,0,4.23,4.08,2.16,4.22,4.04,2.22
2019-06-20 20:40:07.373055507,Netherlands,Senegal,0,0,1.43,4.08,21.2,1.45,4.12,21.62
2019-06-24 03:47:13.735821217,Venezuela,Ecuador,1,1,10.39,4.08,1.66,10.59,4.19,1.7
2019-06-25 15:45:26.673386651,Jordan,Panama,0,0,1.45,4.08,21.2,1.43,3.97,20.67
2019-06-25 20:30:52.533540970,Austria,Japan,1,1,2.12,4.08,4.4,2.06,4.07,4.41
2019-06-26 14:11:01.150184544,Kenya,Iraq,0,1,5.86,4.08,1.9,5.78,4.15,1.92
2019-06-27 00:56:58.515196860,Uruguay,Iran,0,1,1.52,4.08,21.2,1.48,4.09,20.63
2019-06-27 02:55:17.280898692,Switzerland,France,1,1,5.75,4.08,1.91,5.75,4.2,1.93
2019-06-27 09:27:41.187175250,Ecuador,DR Congo,0,0,1.16,4.08,21.2,1.17,4.09,21.3
2019-09-06 20:25:58.728701289,Kenya,Ivory Coast,1,2,3.79,4.08,2.3,3.7,4.0,2.24
2019-09-07 01:04:12.998986674,England,Croatia,2,1,1.69,4.08,9.53,1.73,4.11,9.58
2019-09-07 17:29:30.622875824,Saudi Arabia,Senegal,1,0,4.71,4.08,2.06,4.6,4.04,2.1
2019-09-09 18:57:54.428970323,Chile,Costa Rica,0,1,2.68,4.08,3.07,2.61,4.07,2.98
2019-09-10 00:18:20.798649680,Ghana,Jordan,1,0,1.95,4.08,5.42,2.0,4.2,5.38
2019-09-12 07:20:49.828273107,Saudi Arabia,Peru,1,2,2.42,4.08,3.5,2.35,4.0,3.43
2019-09-13 06:37:33.453433704,Tunisia,Spain,2,2,7.29,4.08,1.78,7.18,4.04,1.81
2019-09-15 02:47:35.809777855,Argentina,Nigeria,4,1,1.3,4.08,21.2,1.28,4.12,21.52
2019-11-25 00:22:15.455124366,New Zealand,South Korea,1,2,9.66,4.08,1.68,9.8,4.04,1.73
2019-11-25 21:18:24.066489382,Argentina,Ecuador,2,1,1.23,4.08,21.2,1.25,4.07,21.51
2019-11-29 10:09:20.196822067,Australia,Chile,1,0,1.36,4.08,21.2,1.34,4.08,21.59
2019-11-30 03:02:42.847043831,Panama,Cuba,1,0,1.67,4.08,10.23,1.63,3.97,10.18
2019-12-01 06:04:38.992297983,Haiti,Scotland,1,3,5.9,4.08,1.89,5.93,4.16,1.95
2019-12-05 04:55:31.292911122,New Zealand,Germany,0,1,17.08,4.08,1.56,17.27,4.16,1.55
2019-12-06 05:27:02.266847126,Belgium,Paraguay,4,0,1.26,4.08,21.2,1.27,4.1,20.78
2019-12-07 14:21:30.895803774,Panama,Brazil,1,5,21.2,4.08,1.51,20.89,4.09,1.55
2020-02-18 20:55:19.711975729,Cabo Verde,Spain,1,1,15.83,4.08,1.57,15.4,3.99,1.55
2020-02-20 19:52:51.751287693,France,Kenya,1,0,1.09,4.08,21.2,1.1,4.06,21.04
2020-02-21 13:30:56.486240195,Turkey,Haiti,3,0,1.16,4.08,21.2,1.16,3.97,21.81
2020-02-21 13:49:11.127470575,Czechia,Germany,1,2,13.32,4.08,1.61,13.55,4.08,1.64
2020-02-23 12:36:38.923985505,Saudi Arabia,Colombia,1,4,7.52,4.08,1.77,7.54,3.97,1.8
2020-02-25 01:30:09.740896357,Indonesia,Germany,0,0,21.2,4.08,1.53,21.73,4.13,1.49
2020-02-25 08:25:58.780756101,Spain,Japan,2,0,1.34,4.08,21.2,1.37,4.06,21.51
2020-02-26 05:12:09.219893934,Jordan,Honduras,2,1,1.44,4.08,21.2,1.48,4.01,21.0
2020-05-09 11:14:36.977397283,Czechia,Netherlands,2,4,8.17,4.08,1.74,7.96,4.16,1.77
2020-05-09 23:44:43.704473512,DR Congo,Norway,0,2,11.78,4.08,1.63,11.87,4.16,1.6
2020-05-10 11:45:26.107042591,Tunisia,Algeria,1,0,2.19,4.08,4.15,2.15,4.09,4.08
2020-05-11 04:57:33.567154940,Scotland,DR Congo,4,0,1.72,4.08,8.57,1.69,4.14,8.43
2020-05-14 07:04:01.471823188,Venezuela,Germany,4,1,8.92,4.08,1.71,8.66,4.17,1.76
2020-05-15 09:46:43.458452270,Portugal,Belgium,2,1,2.23,4.08,4.01,2.17,4.05,4.06
2020-05-15 23:07:45.156452756,South Africa,Sweden,1,4,4.1,4.08,2.2,3.98,4.0,2.2
2020-05-16 05:30:25.571989865,Algeria,Morocco,1,2,11.63,4.08,1.63,11.47,4.08,1.63
2020-07-22 20:20:49.930053365,Honduras,Nigeria,0,1,7.03,4.08,1.8,6.84,4.08,1.8
2020-07-24 01:19:36.423343785,United States,Saudi Arabia,1,0,1.65,4.08,10.84,1.66,4.04,10.85
2020-07-25 08:18:41.546097004,Uruguay,Tunisia,1,2,1.41,4.08,21.2,1.4,4.02,21.55
2020-07-26 14:24:12.046084151,Jordan,Turkey,0,3,2.53,4.08,3.31,2.48,4.05,3.41
2020-07-29 14:57:35.558310117,Netherlands,Germany,4,1,1.94,4.08,5.47,1.99,3.97,5.36
2020-07-30 18:33:33.412726236,England,Colombia,4,2,1.39,4.08,21.2,1.42,4.12,21.47
2020-07-31 20:53:42.138567736,Iraq,France,0,2,21.2,4.08,1.5,20.92,4.09,1.46
2020-08-01 16:40:17.502225523,Morocco,Nigeria,0,0,1.35,4.08,21.2,1.34,4.1,20.61
2020-10-06 22:16:50.686378769,Netherlands,Qatar,3,0,1.08,4.08,21.2,1.05,4.16,21.47
2020-10-10 07:47:02.145321593,Japan,Cabo Verde,2,0,1.2,4.08,21.2,1.22,4.04,20.78
2020-10-10 20:45:17.190294270,Slovakia,DR Congo,1,2,1.74,4.08,8.04,1.7,4.12,7.87
2020-10-11 07:57:30.862529230,Croatia,Peru,2,1,1.38,4.08,21.2,1.36,3.99,21.55
2020-10-11 08:36:35.729153893,United States,Croatia,1,0,2.97,4.08,2.77,2.99,4.08,2.84
2020-10-11 10:06:02.656027247,Portugal,Trinidad and Tobago,0,0,1.09,4.08,21.2,1.08,4.19,21.08
2020-10-11 12:47:41.772101870,Peru,South Korea,0,2,2.79,4.08,2.94,2.75,4.1,2.99
2020-10-11 15:04:04.339077793,Argentina,Jordan,4,1,1.09,4.08,21.2,1.09,4.2,21.41
2020-12-28 12:29:12.744167684,Scotland,Norway,0,0,8.88,4.08,1.71,8.95,4.1,1.73
2020-12-29 21:19:09.662666036,Panama,Qatar,1,0,1.57,4.08,16.48,1.55,4.04,16.94
2021-01-01 04:34:45.687721770,Paraguay,South Korea,0,3,2.61,4.08,3.17,2.68,4.11,3.17
2021-01-01 23:50:21.470185018,Indonesia,Tunisia,0,1,3.93,4.08,2.26,3.94,3.96,2.31
2021-01-04 12:33:03.408779528,Uruguay,Croatia,0,3,2.04,4.08,4.78,2.1,4.0,4.72
2021-01-05 03:44:36.561633512,Brazil,Belgium,0,4,1.69,4.08,9.53,1.7,4.03,9.26
2021-01-07 00:51:16.836711700,United States,Uzbekistan,0,0,1.8,4.08,7.04,1.79,4.12,7.23
2021-01-07 12:16:25.210421744,Belgium,Kenya,6,1,1.13,4.08,21.2,1.15,4.0,20.97
2021-03-22 17:56:52.240622297,Qatar,Iran,3,0,9.07,4.08,1.7,9.04,4.15,1.68
2021-03-23 03:02:32.165956733,Mexico,Saudi Arabia,1,0,1.39,4.08,21.2,1.4,4.05,20.95
2021-03-23 10:31:38.264151868,Ivory Coast,Saudi Arabia,0,1,1.6,4.08,13.4,1.58,3.98,13.24
2021-03-25 03:17:14.853706394,Trinidad and Tobago,Uruguay,1,3,21.2,4.08,1.5,20.97,4.04,1.46
2021-03-25 03:39:33.643146800,United States,Ghana,1,0,1.62,4.08,12.34,1.62,4.16,12.45
2021-03-25 09:44:00.148860662,Uzbekistan,Czechia,1,2,1.56,4.08,17.5,1.6,4.01,17.82
2021-03-27 12:33:38.371525569,Czechia,Colombia,0,0,7.58,4.08,1.77,7.38,4.2,1.75
2021-03-28 17:43:53.890438366,Costa Rica,Sweden,1,4,18.49,4.08,1.55,18.44,3.99,1.52
2021-06-10 00:16:03.582343252,Spain,Trinidad and Tobago,2,0,1.07,4.08,21.2,1.06,4.09,21.77
2021-06-10 16:27:01.316625117,Cabo Verde,Algeria,0,0,2.6,4.08,3.2,2.56,4.16,3.16
2021-06-14 15:46:28.852526588,Sweden,Cuba,4,0,1.15,4.08,21.2,1.18,4.15,20.86
2021-06-15 05:28:19.235751722,DR Congo,Scotland,2,3,3.65,4.08,2.36,3.62,4.11,2.38
2021-06-15 09:22:52.859214766,Haiti,Spain,0,3,21.2,4.08,1.46,21.51,3.97,1.42
2021-06-15 19:49:46.495785694,Qatar,Netherlands,0,2,21.2,4.08,1.48,21.3,4.13,1.51
2021-06-16 03:32:12.221604623,Cabo Verde,England,0,2,21.15,4.08,1.54,21.24,4.04,1.56
2021-06-16 22:20:22.690373798,Portugal,Peru,4,0,1.2,4.08,21.2,1.17,4.17,21.2
2021-08-31 15:29:29.896948929,Chile,Honduras,3,0,1.63,4.08,11.72,1.66,4.13,11.39
2021-08-31 17:21:28.791780729,Cabo Verde,Belgium,0,2,15.79,4.08,1.58,16.04,4.09,1.54
2021-09-01 12:32:17.673460512,Canada,Colombia,0,1,3.68,4.08,2.35,3.58,4.0,2.32
2021-09-01 20:27:32.493993254,Australia,DR Congo,4,0,1.24,4.08,21.2,1.21,4.18,20.83
2021-09-05 08:50:35.558350261,Jordan,Iran,1,0,3.25,4.08,2.56,3.27,3.96,2.58
2021-09-06 15:55:37.543537309,Senegal,Chile,1,0,1.38,4.08,21.2,1.34,4.01,20.77
2021-09-06 17:31:57.130222611,Algeria,Netherlands,1,3,13.24,4.08,1.61,13.49,4.06,1.61
2021-09-07 19:29:15.975054460,Cuba,Netherlands,0,2,21.2,4.08,1.5,21.58,3.99,1.49
2021-11-22 23:48:23.109128406,Costa Rica,Iran,1,0,5.09,4.08,1.99,4.95,4.17,1.99
2021-11-23 02:24:52.599301809,Sweden,Cuba,0,1,1.12,4.08,21.2,1.15,4.14,21.04
2021-11-23 22:22:38.172807280,Iran,Chile,1,2,1.46,4.08,21.2,1.48,3.97,21.12
2021-11-25 22:51:52.743847407,Trinidad and Tobago,Ghana,0,3,9.3,4.08,1.69,9.24,4.01,1.71
2021-11-27 19:07:57.164799363,Norway,Iraq,2,0,1.25,4.08,21.2,1.23,4.0,21.45
2021-11-27 20:21:32.069029607,Morocco,Spain,2,2,4.38,4.08,2.13,4.51,3.96,2.14
2021-11-28 03:26:49.183699792,Croatia,Slovakia,3,1,1.21,4.08,21.2,1.18,4.14,21.61
2021-11-28 13:59:11.827932806,Iraq,Honduras,1,0,1.57,4.08,15.98,1.56,4.13,16.21
2022-02-04 06:09:45.286701716,Tunisia,Sweden,0,0,4.21,4.08,2.17,4.27,4.07,2.15
2022-02-04 20:40:25.193273061,Saudi Arabia,Germany,0,3,12.13,4.08,1.62,12.43,4.14,1.64
2022-02-05 18:28:28.751577396,Trinidad and Tobago,Ecuador,1,0,21.2,4.08,1.52,21.51,4.19,1.53
2022-02-06 02:52:24.390638470,Austria,Uruguay,1,2,1.71,4.08,8.88,1.75,4.18,8.74
2022-02-07 08:21:47.840858767,Spain,Norway,3,1,1.54,4.08,20.74,1.52,4.05,20.34
2022-02-08 02:11:55.039309149,Senegal,Uruguay,2,1,1.93,4.08,5.57,1.94,4.04,5.49
2022-02-08 04:54:49.685041932,Iran,Nigeria,1,0,1.88,4.08,6.0,1.89,3.99,5.99
2022-02-08 07:03:10.733949673,Cabo Verde,Venezuela,0,2,1.61,4.08,12.89,1.6,4.11,12.53
2022-04-22 07:16:58.165617898,Japan,Czechia,4,0,1.23,4.08,21.2,1.21,4.09,20.8
2022-04-23 18:11:21.930776554,Norway,Switzerland,0,0,1.84,4.08,6.43,1.8,4.07,6.43
2022-04-25 19:43:42.026072790,Uzbekistan,Spain,0,2,13.41,4.08,1.6,13.37,4.16,1.6
2022-04-26 16:39:10.390026965,Mexico,Haiti,1,1,1.12,4.08,21.2,1.14,4.09,21.52
2022-04-28 05:54:01.222141416,Spain,United States,2,2,1.31,4.08,21.2,1.33,4.02,20.95
2022-04-28 23:02:19.862716465,Uruguay,Trinidad and Tobago,1,0,1.09,4.08,21.2,1.07,4.06,21.17
2022-05-01 17:50:39.012473800,Ivory Coast,Austria,0,0,3.66,4.08,2.35,3.72,4.0,2.3
2022-05-01 18:19:05.496288677,Jordan,Iran,1,2,4.4,4.08,2.12,4.28,4.12,2.18
2022-07-09 08:31:56.346741813,Bolivia,Iraq,1,2,1.96,4.08,5.3,1.95,4.08,5.2
2022-07-09 19:59:54.529541142,England,Curaçao,1,0,1.09,4.08,21.2,1.06,4.12,21.08
2022-07-10 03:42:49.912537660,United States,South Korea,3,0,2.41,4.08,3.53,2.44,4.06,3.57
2022-07-10 23:35:04.942861022,Algeria,Costa Rica,1,0,1.84,4.08,6.51,1.88,4.02,6.42
2022-07-13 07:37:09.419342062,Chile,Netherlands,0,3,17.14,4.08,1.56,17.17,4.07,1.59
2022-07-15 03:30:53.948325999,Netherlands,Scotland,0,0,1.15,4.08,21.2,1.12,4.12,20.64
2022-07-15 12:46:24.212539073,England,Brazil,4,1,2.13,4.08,4.35,2.07,4.19,4.32
2022-07-16 09:41:19.313420204,Portugal,Cabo Verde,1,0,1.26,4.08,21.2,1.25,4.18,20.67
2022-10-03 07:06:33.431926269,South Africa,Bosnia and Herzegovina,0,1,1.47,4.08,21.2,1.44,4.17,20.9
2022-10-03 19:06:50.407066795,Austria,Bolivia,4,0,1.13,4.08,21.2,1.15,4.15,21.82
2022-10-05 03:52:35.767440588,Uruguay,Venezuela,3,1,1.19,4.08,21.2,1.18,4.04,21.67
2022-10-05 04:03:21.706039954,Trinidad and Tobago,Netherlands,2,1,21.2,4.08,1.46,21.41,4.04,1.48
2022-10-06 02:51:01.454166850,Haiti,Ghana,0,3,4.76,4.08,2.05,4.81,4.09,2.05
2022-10-07 21:24:06.148040082,Curaçao,Croatia,1,3,21.2,4.08,1.5,21.65,4.19,1.51
2022-10-08 00:18:14.057852035,Senegal,Canada,2,2,1.82,4.08,6.71,1.77,4.13,6.64
2022-10-08 02:01:12.404744320,Ghana,Czechia,1,1,1.66,4.08,10.43,1.64,4.18,10.33
2022-12-22 04:15:13.390642620,Slovakia,Nigeria,2,1,2.72,4.08,3.02,2.73,4.02,3.1
2022-12-22 07:04:48.847782624,New Zealand,Honduras,0,1,2.73,4.08,3.01,2.75,4.17,2.97
2022-12-22 07:47:32.639942441,Argentina,Sweden,1,1,1.26,4.08,21.2,1.27,4.11,21.45
2022-12-23 22:02:29.240961235,Belgium,Mexico,2,2,1.52,4.08,21.2,1.52,4.04,21.59
2022-12-24 04:44:55.799104726,Honduras,Paraguay,0,0,6.7,4.08,1.82,6.51,4.09,1.81
2022-12-24 15:25:02.989361806,Colombia,Cabo Verde,4,0,1.16,4.08,21.2,1.15,4.01,21.21
2022-12-25 09:22:37.456864190,Japan,South Korea,0,1,1.74,4.08,8.06,1.71,4.04,8.06
2022-12-25 18:05:55.460448688,Uruguay,Qatar,2,0,1.09,4.08,21.2,1.09,4.11,21.23
2023-03-15 00:18:41.400422761,Czechia,Ecuador,1,1,6.1,4.08,1.87,6.06,4.1,1.84
2023-03-15 09:10:43.819603619,France,Germany,2,1,1.58,4.08,15.16,1.59,3.96,15.58
2023-03-16 00:05:07.251395127,Mexico,England,2,2,5.53,4.08,1.93,5.51,4.12,1.97
2023-03-16 00:45:01.394749170,South Africa,Mexico,0,0,9.91,4.08,1.67,10.15,4.19,1.72
2023-03-16 01:30:51.949801548,Senegal,South Korea,0,0,1.57,4.08,16.1,1.62,4.08,16.58
2023-03-16 13:46:36.587206403,Netherlands,Belgium,2,0,2.05,4.08,4.77,2.04,4.01,4.84
2023-03-17 08:17:09.803101932,Uzbekistan,Qatar,2,0,1.17,4.08,21.2,1.15,4.11,21.2
2023-03-18 03:17:10.184850111,Brazil,Colombia,2,0,1.5,4.08,21.2,1.49,4.16,20.78
2023-06-10 08:23:43.650030939,Belgium,United States,2,1,1.68,4.08,9.56,1.7,4.13,9.29
2023-06-11 20:11:49.486772101,Germany,Spain,1,2,2.67,4.08,3.09,2.6,4.1,3.06
2023-06-13 09:39:46.073971143,Czechia,Switzerland,0,4,6.64,4.08,1.83,6.58,4.1,1.86
2023-06-13 14:24:54.470407627,Canada,South Africa,1,0,1.36,4.08,21.2,1.35,3.98,21.39
2023-06-13 23:01:48.365580590,Bolivia,Haiti,2,0,1.41,4.08,21.2,1.4,4.14,21.58
2023-06-13 23:04:54.160289878,Uzbekistan,United States,1,3,3.05,4.08,2.7,2.98,4.2,2.66
2023-06-14 01:25:28.322137035,Bolivia,Slovakia,2,0,3.25,4.08,2.56,3.17,4.0,2.58
2023-06-15 19:31:04.904706071,South Korea,Bosnia and Herzegovina,4,0,1.14,4.08,21.2,1.16,4.18,21.61
2023-08-28 18:19:17.243692034,Egypt,Croatia,0,0,4.56,4.08,2.09,4.64,4.02,2.06
2023-08-29 03:25:20.941238582,Uzbekistan,Chile,3,1,1.4,4.08,21.2,1.38,4.07,20.59
2023-08-30 21:13:32.936337922,Belgium,Trinidad and Tobago,5,0,1.09,4.08,21.2,1.08,4.0,21.0
2023-09-01 11:08:38.899895251,Nigeria,Argentina,3,3,6.24,4.08,1.86,6.25,4.19,1.83
2023-09-02 06:36:50.029152559,Trinidad and Tobago,Switzerland,0,3,21.2,4.08,1.52,21.24,4.17,1.55
2023-09-04 10:05:40.257734279,Morocco,Ecuador,1,1,1.4,4.08,21.2,1.43,3.99,21.64
2023-09-04 15:58:40.385834255,Japan,Chile,2,2,1.17,4.08,21.2,1.19,4.16,21.19
2023-09-05 17:11:00.535181369,Cabo Verde,England,2,4,21.2,4.08,1.51,20.91,4.05,1.51
2023-11-23 20:46:08.376195305,Belgium,Nigeria,1,1,1.29,4.08,21.2,1.3,4.02,20.69
2023-11-24 08:13:03.383390939,Ecuador,Canada,4,4,1.95,4.08,5.39,1.97,3.96,5.26
2023-11-24 10:21:25.927986212,Germany,Bosnia and Herzegovina,1,1,1.11,4.08,21.2,1.09,3.98,21.18
2023-11-24 14:09:12.084016416,Bolivia,Nigeria,1,4,5.72,4.08,1.91,5.78,4.01,1.96
2023-11-24 22:23:36.004574496,Norway,Ecuador,1,2,1.73,4.08,8.34,1.7,4.19,8.13
2023-11-25 00:48:30.305471756,Peru,South Korea,0,2,3.54,4.08,2.41,3.59,4.08,2.47
2023-11-25 03:44:42.610684677,Turkey,Chile,3,1,1.31,4.08,21.2,1.29,4.05,21.77
2023-11-25 09:08:30.241365498,Algeria,New Zealand,1,3,2.28,4.08,3.86,2.24,3.98,3.97
2024-02-14 20:14:53.585398008,Japan,Ecuador,0,0,2.04,4.08,4.82,2.05,4.16,4.84
2024-02-14 22:36:03.657300965,Egypt,Qatar,1,2,1.25,4.08,21.2,1.25,4.07,21.19
2024-02-15 07:20:43.139998648,Egypt,DR Congo,2,1,1.61,4.08,12.69,1.63,3.96,12.67
2024-02-16 00:12:48.540326432,South Africa,Paraguay,0,0,3.29,4.08,2.54,3.21,4.1,2.52
2024-02-16 03:07:43.702437461,Norway,Algeria,3,1,1.22,4.08,21.2,1.2,4.11,20.74
2024-02-16 20:02:18.079781914,Ghana,Ivory Coast,3,1,1.85,4.08,6.29,1.89,4.06,6.12
2024-02-17 19:01:26.293214192,DR Congo,Curaçao,2,2,1.48,4.08,21.2,1.47,4.06,20.61
2024-02-18 11:44:21.332059853,Jordan,Croatia,0,2,8.32,4.08,1.73,8.28,4.08,1.73
2024-05-01 15:53:59.537038911,Haiti,Germany,0,2,21.2,4.08,1.47,21.56,4.14,1.46
2024-05-01 16:25:45.669948557,Panama,Qatar,0,0,1.78,4.08,7.31,1.81,3.98,7.45
2024-05-02 16:04:25.638380213,Canada,Cuba,2,0,1.23,4.08,21.2,1.26,4.15,21.76
2024-05-02 16:58:26.667795174,Cabo Verde,Paraguay,0,5,2.51,4.08,3.33,2.47,3.97,3.39
2024-05-03 04:07:45.445805862,Curaçao,Norway,1,3,21.2,4.08,1.51,21.59,4.03,1.51
2024-05-03 11:11:36.287468127,Colombia,Czechia,1,2,1.23,4.08,21.2,1.23,3.96,21.71
2024-05-03 14:02:51.217558506,Morocco,Algeria,3,0,1.15,4.08,21.2,1.17,4.15,21.1
2024-05-03 22:28:02.742698185,Haiti,Trinidad and Tobago,3,0,2.6,4.08,3.18,2.56,4.17,3.14
2024-07-30 16:13:06.691274474,Slovakia,Canada,0,0,3.17,4.08,2.61,3.16,4.01,2.6
2024-07-31 05:26:15.755384160,Honduras,Bosnia and Herzegovina,1,0,1.89,4.08,5.91,1.91,3.97,5.83
2024-07-31 15:45:54.876443722,Bolivia,Honduras,2,0,1.76,4.08,7.7,1.72,4.06,7.48
2024-08-02 07:21:57.691457146,Belgium,Peru,4,0,1.34,4.08,21.2,1.32,3.99,20.8
2024-08-05 10:45:25.429334823,Senegal,Brazil,2,2,5.76,4.08,1.91,5.75,4.19,1.92
2024-08-05 11:21:06.207555073,Colombia,Cuba,2,0,1.11,4.08,21.2,1.14,4.11,21.42
2024-08-08 05:04:16.171915446,Germany,South Africa,2,1,1.11,4.08,21.2,1.14,4.02,21.58
2024-08-10 09:43:15.230488121,Brazil,Venezuela,1,0,1.13,4.08,21.2,1.13,3.98,20.63
2024-10-15 10:41:43.020237888,Norway,Ivory Coast,2,0,1.26,4.08,21.2,1.24,4.05,20.93
2024-10-18 18:12:19.149112878,Iran,Egypt,2,1,1.67,4.08,10.05,1.67,4.13,10.12
2024-10-19 20:49:50.536718983,Colombia,Peru,4,0,1.23,4.08,21.2,1.22,4.19,21.14
2024-10-19 23:26:37.145031126,Uruguay,Haiti,1,2,1.1,4.08,21.2,1.09,4.03,21.06
2024-10-21 05:05:35.639415702,Qatar,Croatia,0,3,21.2,4.08,1.52,20.72,4.05,1.48
2024-10-22 17:33:26.448664340,Belgium,Colombia,3,0,2.33,4.08,3.71,2.35,4.05,3.72
2024-10-24 14:51:13.883161942,Switzerland,Bolivia,1,1,1.31,4.08,21.2,1.3,4.16,20.94
2024-10-25 04:02:02.432006442,South Korea,Switzerland,2,2,1.84,4.08,6.46,1.86,3.99,6.62
2025-01-03 04:19:31.229373276,Nigeria,Costa Rica,3,1,1.22,4.08,21.2,1.23,4.02,21.04
2025-01-03 08:20:04.511807740,Senegal,DR Congo,2,0,1.34,4.08,21.2,1.3,4.18,21.23
2025-01-03 17:53:25.688955612,Austria,Germany,0,0,3.0,4.08,2.74,3.04,4.11,2.78
2025-01-04 06:55:17.658384546,South Africa,Iraq,2,1,1.79,4.08,7.23,1.74,4.17,7.28
2025-01-05 06:06:32.881311975,Trinidad and Tobago,Sweden,2,4,19.29,4.08,1.55,18.8,4.0,1.53
2025-01-05 06:48:09.688719942,France,Ghana,1,1,1.14,4.08,21.2,1.12,4.19,20.57
2025-01-05 10:27:37.400908803,Croatia,Panama,2,0,1.14,4.08,21.2,1.11,4.16,20.95
2025-01-05 12:51:29.097647806,Sweden,Canada,1,3,1.66,4.08,10.64,1.66,3.99,10.64
2025-03-26 00:37:47.048736438,Portugal,Ecuador,4,1,1.43,4.08,21.2,1.43,4.0,21.32
2025-03-27 17:57:45.186105776,Czechia,Uruguay,2,4,6.68,4.08,1.82,6.84,4.01,1.82
2025-03-27 20:43:42.878142306,Curaçao,Argentina,0,1,21.2,4.08,1.45,21.17,4.17,1.44
2025-03-29 00:38:39.238946210,Croatia,Nigeria,0,0,1.59,4.08,14.76,1.59,4.06,15.05
2025-03-29 07:00:19.787179681,Bolivia,Turkey,2,0,4.18,4.08,2.18,4.27,3.99,2.12
2025-03-29 12:30:47.428156239,Trinidad and Tobago,England,0,4,21.2,4.08,1.46,21.66,3.99,1.44
2025-03-31 21:35:08.290887892,Croatia,Scotland,1,2,1.3,4.08,21.2,1.31,4.06,21.47
2025-04-02 02:20:20.482584680,Brazil,Uruguay,2,1,1.59,4.08,14.15,1.61,4.08,13.79
2025-06-16 21:27:04.589239563,DR Congo,Senegal,2,1,11.82,4.08,1.63,11.53,4.09,1.62
2025-06-17 20:53:52.581678466,Netherlands,Scotland,1,1,1.2,4.08,21.2,1.17,4.1,20.82
2025-06-20 00:04:34.998264614,Cuba,Honduras,1,0,4.5,4.08,2.1,4.52,4.05,2.06
2025-06-20 11:41:58.613819041,Bolivia,Honduras,0,2,1.99,4.08,5.13,1.97,4.02,5.25
2025-06-20 20:59:28.975594245,Peru,Ghana,1,1,1.93,4.08,5.6,1.88,4.11,5.63
2025-06-20 23:18:43.898316656,Mexico,Qatar,4,0,1.14,4.08,21.2,1.12,4.13,21.37
2025-06-21 22:18:27.831814729,Ecuador,Czechia,3,1,1.43,4.08,21.2,1.46,4.15,20.82
2025-06-21 22:23:06.297338100,Ecuador,Argentina,1,2,5.28,4.08,1.97,5.21,4.08,1.98
2025-09-06 19:41:20.286634272,Cuba,Scotland,0,0,5.33,4.08,1.96,5.48,3.98,2.0
2025-09-07 01:02:01.433613115,Nigeria,Cabo Verde,2,0,1.33,4.08,21.2,1.29,4.1,20.88
2025-09-07 11:14:01.157486066,DR Congo,Portugal,0,4,21.2,4.08,1.53,21.53,3.98,1.5
2025-09-08 06:18:35.212708064,Bolivia,Qatar,1,0,1.39,4.08,21.2,1.39,4.03,21.53
2025-09-09 17:21:35.504181986,Netherlands,Indonesia,3,1,1.13,4.08,21.2,1.13,4.19,20.85
2025-09-09 20:56:13.717473742,United States,Nigeria,3,4,1.37,4.08,21.2,1.4,4.17,20.85
2025-09-12 07:07:09.847027863,Cabo Verde,Qatar,1,1,1.44,4.08,21.2,1.46,4.18,21.72
2025-09-13 18:46:58.397540140,Bosnia and Herzegovina,Indonesia,0,3,3.15,4.08,2.63,3.06,3.98,2.64
2025-11-20 19:41:30.778121936,Switzerland,United States,1,1,2.01,4.08,4.96,1.95,4.14,4.97
2025-11-23 03:58:28.743190774,Tunisia,Chile,1,3,1.5,4.08,21.2,1.47,4.02,20.8
2025-11-25 11:48:31.489004569,Uruguay,Ecuador,0,2,1.82,4.08,6.71,1.79,4.01,6.7
2025-11-25 12:47:34.454688951,France,Cabo Verde,2,1,1.1,4.08,21.2,1.12,4.09,21.83
2025-11-27 03:31:12.322375758,Portugal,Scotland,4,1,1.21,4.08,21.2,1.18,4.04,20.9
2025-11-27 19:32:04.890316264,Cabo Verde,Tunisia,0,0,3.19,4.08,2.6,3.25,4.08,2.63
2025-11-29 08:24:16.778585969,Croatia,Argentina,2,2,4.74,4.08,2.05,4.62,4.15,1.99
2025-11-29 10:43:23.570620133,Uzbekistan,DR Congo,3,1,1.32,4.08,21.2,1.29,4.2,21.63
